Date,US 10 Year,UK 10 Year,US 3 month,UK 3 month,US Stock Market,UK Stock Market,USDperGBP
1956-01-31,0.002416666666666667,0.0037916666666666667,0.0019333333333333331,0.003391666666666667,13.0012485,6.8667,2.8064
1956-02-29,0.0023666666666666667,0.003841666666666667,0.0019166666666666666,0.0038916666666666665,13.4923716,6.5458,2.8088
1956-03-31,0.0024666666666666665,0.0039,0.0019166666666666666,0.004316666666666667,14.4722957,6.5519,2.8048
1956-04-30,0.00265,0.003825,0.0022416666666666665,0.004258333333333334,14.486981,7.1767,2.8059
1956-05-31,0.002558333333333333,0.003974999999999999,0.0021416666666666667,0.004125,13.5778808,6.9279,2.8025
1956-06-30,0.0025,0.0039833333333333335,0.0020166666666666666,0.004216666666666666,14.1563441,6.9352,2.798
1956-07-31,0.0025916666666666666,0.004016666666666667,0.0019166666666666666,0.004175,14.9313228,6.9715,2.7837
1956-08-31,0.002775,0.0040416666666666665,0.0022166666666666667,0.0041916666666666665,14.4065653,7.1234,2.7788
1956-09-30,0.0028166666666666665,0.004050000000000001,0.002425,0.004258333333333334,13.7999755,7.0971,2.7823
1956-10-31,0.0027833333333333334,0.004058333333333333,0.0023833333333333332,0.004208333333333333,13.9166051,7.0122,2.7825
1956-11-30,0.0029083333333333335,0.00415,0.002533333333333333,0.004175,13.8071247,6.5649,2.7821
1956-12-31,0.0029916666666666663,0.003974999999999999,0.0026833333333333336,0.004108333333333333,14.3375005,6.9513,2.7856
1957-01-31,0.0028833333333333332,0.003741666666666667,0.0026,0.003916666666666666,13.7821348,7.4587,2.7975
1957-02-28,0.0027833333333333334,0.0038166666666666666,0.0027333333333333333,0.0035833333333333333,13.3757546,7.5518,2.7975
1957-03-31,0.002841666666666667,0.0038916666666666665,0.0024666666666666665,0.0034000000000000002,13.6831226,7.6257,2.7876
1957-04-30,0.0029,0.003925,0.0025083333333333333,0.0033416666666666664,14.2334506,8.1119,2.7912
1957-05-31,0.003,0.004083333333333334,0.0027583333333333336,0.0032083333333333334,14.8042406,8.2022,2.7903
1957-06-30,0.0031666666666666666,0.004158333333333333,0.0026833333333333336,0.003225,14.8304855,8.3492,2.7912
1957-07-31,0.003275,0.004175,0.0028166666666666665,0.0032083333333333334,15.0454211,8.4206,2.7846
1957-08-31,0.003275,0.004424999999999999,0.002916666666666667,0.0033166666666666665,14.2467005,8.2261,2.7821
1957-09-30,0.0032666666666666664,0.004633333333333333,0.0028833333333333332,0.004533333333333334,13.4107709,7.5055,2.7953
1957-10-31,0.0033083333333333337,0.004633333333333333,0.003,0.0055,13.0279806,7.0964,2.7961
1957-11-30,0.0031000000000000003,0.004633333333333333,0.002616666666666667,0.00545,13.2847165,7.2261,2.805
1957-12-31,0.002675,0.004508333333333334,0.0022916666666666667,0.005358333333333333,12.7813799,7.1508,2.8093
1958-01-31,0.002575,0.004366666666666667,0.0012916666666666667,0.005233333333333334,13.3750125,7.0408,2.8156
1958-02-28,0.0025416666666666665,0.004433333333333333,0.0010583333333333334,0.005016666666666667,13.1464391,6.7143,2.8143
1958-03-31,0.0024833333333333335,0.004383333333333333,0.0009166666666666668,0.004808333333333333,13.5994665,7.1966,2.8162
1958-04-30,0.0024,0.004233333333333334,0.001,0.0044083333333333335,14.0788642,7.5727,2.8175
1958-05-31,0.0024333333333333334,0.004241666666666666,0.0004833333333333333,0.004175,14.3362077,7.6658,2.8156
1958-06-30,0.002475,0.004216666666666666,0.000625,0.0037166666666666667,14.7569665,8.0905,2.8034
1958-07-31,0.002666666666666667,0.004166666666666667,0.0007583333333333334,0.0034583333333333337,15.4401197,8.1475,2.805
1958-08-31,0.00295,0.004216666666666666,0.0019416666666666666,0.003175,15.6704768,8.6658,2.8003
1958-09-30,0.003133333333333333,0.004158333333333333,0.0022500000000000003,0.0030416666666666665,16.4759359,8.9998,2.8065
1958-10-31,0.0031666666666666666,0.004125,0.0021249999999999997,0.0030416666666666665,16.94193,9.3357,2.8059
1958-11-30,0.003116666666666667,0.004208333333333333,0.0023166666666666665,0.002891666666666667,17.369565,9.4699,2.8043
1958-12-31,0.0032166666666666667,0.0042,0.0022333333333333333,0.0026333333333333334,18.3213981,10.1352,2.8021
1959-01-31,0.0033499999999999997,0.0041333333333333335,0.0022,0.002608333333333333,18.4399761,9.9894,2.8087
1959-02-28,0.0033,0.004208333333333333,0.0023,0.0025833333333333333,18.4856596,10.2866,2.8098
1959-03-31,0.0033250000000000003,0.004216666666666666,0.0023166666666666665,0.00275,18.5448357,10.3935,2.8158
1959-04-30,0.0034333333333333334,0.0041916666666666665,0.002375,0.0027083333333333334,19.3139426,10.91,2.8158
1959-05-31,0.003591666666666666,0.004275,0.0025666666666666667,0.002775,19.7295144,11.3047,2.8113
1959-06-30,0.0036166666666666665,0.00415,0.002616666666666667,0.002875,19.7090379,11.375,2.8131
1959-07-31,0.003666666666666667,0.00415,0.0025,0.0028833333333333332,20.4475018,11.2194,2.8106
1959-08-31,0.0036916666666666664,0.004316666666666667,0.0032333333333333333,0.0029083333333333335,20.1910165,12.2314,2.8052
1959-09-30,0.0039,0.0044083333333333335,0.0034166666666666664,0.0029,19.3206116,12.0275,2.8035
1959-10-31,0.003775,0.0041333333333333335,0.0033333333333333335,0.0028666666666666667,19.5897782,13.8304,2.8052
1959-11-30,0.003775,0.004175,0.0037,0.0028250000000000003,19.9005511,14.221,2.801
1959-12-31,0.003908333333333334,0.004291666666666667,0.003666666666666667,0.0030083333333333333,20.5024572,15.2502,2.7995
1960-01-31,0.003933333333333333,0.0044083333333333335,0.0033250000000000003,0.0037833333333333334,19.0926291,15.2209,2.8023
1960-02-29,0.003741666666666667,0.004566666666666667,0.003491666666666667,0.0037916666666666667,19.3232831,14.9517,2.8037
1960-03-31,0.0035416666666666665,0.004575,0.0025166666666666666,0.00385,19.110448,15.1246,2.8073
1960-04-30,0.0035666666666666668,0.0045583333333333335,0.002533333333333333,0.0038750000000000004,18.8316498,14.34,2.8081
1960-05-31,0.0036249999999999998,0.004566666666666667,0.0026,0.0037999999999999996,19.3935764,14.9151,2.8019
1960-06-30,0.0034583333333333337,0.004758333333333333,0.001825,0.004733333333333333,19.8287235,14.5668,2.8062
1960-07-31,0.00325,0.004758333333333333,0.001825,0.004625,19.3940964,14.6505,2.8081
1960-08-31,0.0031666666666666666,0.004841666666666666,0.0021416666666666667,0.004658333333333333,19.9574147,15.5056,2.8106
1960-09-30,0.0031666666666666666,0.004783333333333334,0.0019166666666666666,0.004641666666666667,18.8090028,15.4099,2.81
1960-10-31,0.0032416666666666666,0.004683333333333334,0.0017666666666666668,0.004241666666666666,18.8202312,15.6778,2.8156
1960-11-30,0.003275,0.004741666666666667,0.002,0.0038666666666666663,19.6353825,14.9604,2.8106
1960-12-31,0.0031999999999999997,0.004833333333333334,0.0018333333333333335,0.0036249999999999998,20.6014928,15.2149,2.8038
1961-01-31,0.0031999999999999997,0.004933333333333333,0.0018999999999999998,0.003475,21.9599142,15.8886,2.8044
1961-02-28,0.00315,0.0051,0.00215,0.003666666666666667,22.6074693,16.7336,2.7956
1961-03-31,0.003116666666666667,0.0051,0.0020166666666666666,0.003741666666666667,23.2423478,17.5148,2.7975
1961-04-30,0.00315,0.005016666666666667,0.0018916666666666667,0.0036750000000000003,23.3894049,17.9624,2.7963
1961-05-31,0.0030916666666666666,0.005158333333333333,0.00195,0.0037,23.894871,17.8017,2.7919
1961-06-30,0.0032333333333333333,0.0053750000000000004,0.0018916666666666667,0.0037833333333333334,23.2672088,16.4393,2.7881
1961-07-31,0.0032666666666666664,0.0054666666666666665,0.0018833333333333332,0.005575,24.0854523,16.0551,2.795
1961-08-31,0.0033666666666666667,0.0055,0.001958333333333333,0.005583333333333333,24.6170092,15.4977,2.8056
1961-09-30,0.0033166666666666665,0.005575,0.0018583333333333334,0.005458333333333333,24.1915325,15.3441,2.8144
1961-10-31,0.0032666666666666664,0.00545,0.0018999999999999998,0.004775000000000001,24.9376595,15.034,2.815
1961-11-30,0.0032833333333333334,0.0055583333333333335,0.0021249999999999997,0.004491666666666666,25.9800102,15.2984,2.8125
1961-12-31,0.003383333333333333,0.005483333333333333,0.002225,0.0045000000000000005,26.1250431,15.6078,2.8081
1962-01-31,0.0034166666666666664,0.0053416666666666664,0.002275,0.004366666666666667,25.1975421,15.7159,2.8119
1962-02-28,0.0033333333333333335,0.005308333333333333,0.002258333333333333,0.004608333333333333,25.6698079,15.9379,2.815
1962-03-31,0.0032166666666666667,0.005241666666666667,0.0022916666666666667,0.0036750000000000003,25.58168,15.6026,2.8138
1962-04-30,0.0032166666666666667,0.005116666666666666,0.0022833333333333334,0.003375,24.0595787,16.4086,2.8125
1962-05-31,0.00325,0.005166666666666667,0.0022500000000000003,0.003183333333333333,22.0539142,14.5886,2.81
1962-06-30,0.0033333333333333335,0.0051333333333333335,0.002416666666666667,0.0032666666666666664,20.312513,14.3178,2.8088
1962-07-31,0.0033666666666666667,0.004941666666666666,0.0023833333333333332,0.0032416666666666666,21.6678805,14.1127,2.805
1962-08-31,0.0033,0.004841666666666666,0.002341666666666667,0.003125,22.0635877,15.0056,2.8019
1962-09-30,0.0032833333333333334,0.004691666666666667,0.0022833333333333334,0.0030333333333333336,21.0647174,14.7949,2.8012
1962-10-31,0.0032666666666666664,0.004733333333333333,0.002266666666666667,0.0032166666666666667,21.2247774,15.0243,2.8012
1962-11-30,0.0032666666666666664,0.004758333333333333,0.0023833333333333332,0.003075,23.4469354,15.9055,2.8031
1962-12-31,0.0032083333333333334,0.004658333333333333,0.0024333333333333334,0.0031000000000000003,23.8302102,16.2015,2.8025
1963-01-31,0.003225,0.004775000000000001,0.0024416666666666666,0.0029083333333333335,25.0686604,16.3226,2.8044
1963-02-28,0.0032833333333333334,0.00505,0.002416666666666667,0.0028583333333333334,24.4131416,16.6679,2.8025
1963-03-31,0.0032916666666666667,0.004883333333333333,0.002425,0.003133333333333333,25.3469791,17.1019,2.8
1963-04-30,0.0032916666666666667,0.004733333333333333,0.002416666666666667,0.0030916666666666666,26.6465877,16.6208,2.8006
1963-05-31,0.0033,0.004566666666666667,0.0025,0.0030333333333333336,27.0983924,16.762,2.8006
1963-06-30,0.0033333333333333335,0.004491666666666666,0.0024916666666666668,0.0030833333333333333,26.6212052,16.6685,2.8006
1963-07-31,0.0033333333333333335,0.004508333333333334,0.002725,0.003133333333333333,26.5998479,16.8992,2.8006
1963-08-31,0.0033499999999999997,0.00455,0.0028250000000000003,0.0031000000000000003,27.9674605,17.462,2.7981
1963-09-30,0.003391666666666667,0.004591666666666667,0.0028083333333333333,0.0030666666666666668,27.7298451,17.7837,2.7981
1963-10-31,0.0034583333333333337,0.004575,0.0029,0.003116666666666667,28.6966998,18.1203,2.7981
1963-11-30,0.0034000000000000002,0.004775000000000001,0.002916666666666667,0.003116666666666667,28.4678504,18.3758,2.7975
1963-12-31,0.00345,0.004816666666666667,0.0029249999999999996,0.0031000000000000003,29.2375866,18.7246,2.7969
1964-01-31,0.0034583333333333337,0.004858333333333333,0.002916666666666667,0.0031000000000000003,30.1004049,18.3861,2.7981
1964-02-29,0.003483333333333333,0.005125,0.003,0.0032666666666666664,30.4730856,17.8492,2.7981
1964-03-31,0.0035250000000000004,0.004925,0.0029249999999999996,0.0035833333333333333,31.011323,18.4055,2.7981
1964-04-30,0.0035166666666666666,0.005033333333333333,0.002875,0.0035833333333333333,31.2777934,18.7116,2.8
1964-05-31,0.003491666666666667,0.00505,0.002891666666666667,0.0036249999999999998,31.7140316,18.522,2.7981
1964-06-30,0.0034583333333333337,0.005066666666666666,0.002891666666666667,0.0037,32.3130738,18.328,2.7919
1964-07-31,0.003491666666666667,0.005016666666666667,0.002891666666666667,0.0038083333333333337,32.9827909,19.1089,2.7881
1964-08-31,0.0035083333333333334,0.005125,0.002916666666666667,0.0038750000000000004,32.5280627,19.3694,2.7844
1964-09-30,0.003483333333333333,0.0051,0.002958333333333333,0.0038750000000000004,33.543073,19.5403,2.7831
1964-10-31,0.003466666666666667,0.005066666666666666,0.002958333333333333,0.003908333333333334,33.8971577,19.1294,2.785
1964-11-30,0.0035,0.005141666666666667,0.0031999999999999997,0.004258333333333334,33.80458,18.3156,2.7912
1964-12-31,0.0035083333333333334,0.005483333333333333,0.003183333333333333,0.005516666666666667,34.0201508,17.7126,2.79
1965-01-31,0.003491666666666667,0.005191666666666667,0.003225,0.0055,35.2333688,18.405,2.7925
1965-02-28,0.0035166666666666666,0.0053416666666666664,0.0033250000000000003,0.0054,35.2666652,18.2314,2.7944
1965-03-31,0.0035,0.0053750000000000004,0.003275,0.0053750000000000004,34.8401124,18.1517,2.7906
1965-04-30,0.0035083333333333334,0.005408333333333334,0.0032583333333333336,0.0053750000000000004,36.1209705,18.3395,2.7994
1965-05-31,0.0035250000000000004,0.0055583333333333335,0.003225,0.005258333333333333,35.929387,18.3147,2.7925
1965-06-30,0.0035,0.005533333333333333,0.003175,0.004658333333333333,34.2703896,17.4983,2.7919
1965-07-31,0.0035166666666666666,0.005516666666666667,0.003175,0.004666666666666666,34.8210502,17.5656,2.7925
1965-08-31,0.003558333333333333,0.005408333333333334,0.00325,0.004633333333333333,35.6957865,17.8117,2.7906
1965-09-30,0.0036249999999999998,0.005258333333333333,0.0033499999999999997,0.004591666666666667,36.9291487,18.915,2.8019
1965-10-31,0.0036750000000000003,0.005225,0.003383333333333333,0.004516666666666666,38.0319448,19.9191,2.8038
1965-11-30,0.0037333333333333337,0.005291666666666667,0.0034416666666666667,0.004541666666666667,37.7919241,20.2308,2.8031
1965-12-31,0.0038750000000000004,0.0053750000000000004,0.003741666666666667,0.004566666666666667,38.2236182,19.9474,2.8025
1966-01-31,0.003908333333333334,0.005316666666666667,0.0038583333333333334,0.004583333333333333,38.5054159,20.67,2.8038
1966-02-28,0.004183333333333333,0.005533333333333333,0.0038666666666666663,0.0046500000000000005,37.9133458,20.948,2.8006
1966-03-31,0.003925,0.005575,0.0037666666666666664,0.004675,37.1826756,20.4557,2.7931
1966-04-30,0.003991666666666667,0.005591666666666667,0.0038750000000000004,0.004683333333333334,38.0435889,20.5301,2.7938
1966-05-31,0.004,0.005575,0.0038666666666666663,0.0047083333333333335,36.0825601,21.4191,2.7912
1966-06-30,0.004141666666666667,0.005691666666666667,0.0038166666666666666,0.004741666666666667,35.5990545,21.9645,2.79
1966-07-31,0.004208333333333333,0.005808333333333333,0.003974999999999999,0.0052499999999999995,35.2214065,19.8394,2.7906
1966-08-31,0.0044666666666666665,0.006108333333333334,0.004216666666666666,0.005583333333333333,32.5844091,18.1075,2.7888
1966-09-30,0.004183333333333333,0.005891666666666667,0.00445,0.005625,32.4578438,18.784,2.7912
1966-10-31,0.004141666666666667,0.005725,0.00435,0.005508333333333334,34.1024692,18.1252,2.7912
1966-11-30,0.004266666666666667,0.005666666666666666,0.0043,0.005508333333333334,34.3105448,18.467,2.7906
1966-12-31,0.0038666666666666663,0.005533333333333333,0.004008333333333333,0.005533333333333333,34.3612885,19.108,2.79
1967-01-31,0.0037666666666666664,0.005308333333333333,0.003758333333333333,0.005241666666666667,37.1509932,19.5862,2.7944
1967-02-28,0.003933333333333333,0.005408333333333334,0.0037833333333333334,0.004991666666666667,37.3275205,19.2851,2.7931
1967-03-31,0.00375,0.0053750000000000004,0.0033416666666666664,0.00475,38.9027077,20.1653,2.7975
1967-04-30,0.0039833333333333335,0.005308333333333333,0.003108333333333333,0.004491666666666666,40.6500053,21.2172,2.7988
1967-05-31,0.004008333333333333,0.005483333333333333,0.0028833333333333332,0.004358333333333334,38.6229103,21.2065,2.795
1967-06-30,0.00435,0.005608333333333334,0.0033333333333333335,0.004391666666666666,39.4040863,22.2195,2.79
1967-07-31,0.0043,0.005608333333333334,0.0034333333333333334,0.00445,41.296557,22.3629,2.7862
1967-08-31,0.004391666666666666,0.005691666666666667,0.00365,0.004699999999999999,40.9188794,22.9279,2.7856
1967-09-30,0.004424999999999999,0.00575,0.003658333333333333,0.00445,42.3667657,24.1232,2.7838
1967-10-31,0.004699999999999999,0.0057666666666666665,0.0037999999999999996,0.004666666666666666,41.2423697,25.4071,2.7831
1967-11-30,0.004783333333333334,0.005866666666666667,0.004125,0.005483333333333333,41.3932915,26.7264,2.42
1967-12-31,0.00475,0.005783333333333334,0.0042,0.006266666666666666,42.5882308,25.9154,2.4067
1968-01-31,0.0046166666666666665,0.005825,0.004066666666666666,0.006233333333333334,40.8294182,27.7323,2.4104
1968-02-29,0.004633333333333333,0.005849999999999999,0.004183333333333333,0.006208333333333333,39.6633807,27.155,2.4055
1968-03-31,0.0048,0.006016666666666667,0.004308333333333333,0.0060416666666666665,40.1453223,29.6413,2.4025
1968-04-30,0.004783333333333334,0.006016666666666667,0.004591666666666667,0.0059,43.4871413,32.2003,2.3967
1968-05-31,0.004883333333333333,0.006091666666666666,0.004733333333333333,0.005958333333333334,44.142691,31.9311,2.3854
1968-06-30,0.004699999999999999,0.006358333333333333,0.004416666666666667,0.006008333333333333,44.6566527,33.8065,2.3829
1968-07-31,0.004491666666666666,0.006108333333333334,0.004308333333333333,0.005958333333333334,43.9447361,34.9505,2.3946
1968-08-31,0.004516666666666666,0.006333333333333333,0.004316666666666667,0.005791666666666667,44.5616408,36.1848,2.3876
1968-09-30,0.004575,0.006333333333333333,0.0043,0.005633333333333333,46.3927866,36.1105,2.3897
1968-10-31,0.004675,0.006291666666666667,0.004566666666666667,0.005425,46.8428151,35.7952,2.3902
1968-11-30,0.004816666666666667,0.006458333333333333,0.0046,0.005566666666666667,49.2053729,35.7456,2.3878
1968-12-31,0.0051333333333333335,0.0065583333333333335,0.005208333333333333,0.005666666666666666,47.2739305,38.533,2.3849
1969-01-31,0.005158333333333333,0.006833333333333333,0.005158333333333333,0.005641666666666666,47.0046446,40.2526,2.3899
1969-02-28,0.005216666666666666,0.007216666666666666,0.005158333333333333,0.005808333333333333,44.8957596,36.3159,2.3918
1969-03-31,0.0052499999999999995,0.007275,0.004991666666666667,0.006483333333333333,46.5601943,36.6736,2.3936
1969-04-30,0.005166666666666667,0.007441666666666667,0.0048916666666666666,0.006483333333333333,47.6798008,35.0019,2.3877
1969-05-31,0.0054666666666666665,0.007825,0.005066666666666666,0.006525,47.6941643,33.7268,2.3885
1969-06-30,0.005608333333333334,0.007541666666666667,0.005241666666666667,0.006575,45.1635799,32.0533,2.3908
1969-07-31,0.00555,0.007441666666666667,0.005883333333333333,0.00655,42.5670465,29.7317,2.3903
1969-08-31,0.005691666666666667,0.007716666666666667,0.005791666666666667,0.006491666666666666,44.3946309,31.0368,2.3812
1969-09-30,0.006258333333333333,0.007575,0.0059499999999999996,0.0065,43.4056351,31.8231,2.3826
1969-10-31,0.005783333333333334,0.007216666666666666,0.005825,0.0064333333333333334,45.3927449,30.61,2.3946
1969-11-30,0.006075,0.007508333333333333,0.006258333333333333,0.0064333333333333334,43.9688232,32.2888,2.3973
1969-12-31,0.006566666666666667,0.007216666666666666,0.0066749999999999995,0.006416666666666667,43.2719299,33.9623,2.3989
1970-01-31,0.006458333333333333,0.007216666666666666,0.00655,0.006291666666666667,40.0870625,34.3201,2.4015
1970-02-28,0.00575,0.006883333333333333,0.005708333333333333,0.006333333333333333,42.3238777,32.9034,2.4067
1970-03-31,0.0059,0.00715,0.005316666666666667,0.006225,42.5103905,33.5161,2.4064
1970-04-30,0.006516666666666667,0.007716666666666667,0.005775,0.005808333333333333,38.7895764,30.162,2.4051
1970-05-31,0.006625,0.007791666666666666,0.005775,0.005691666666666667,36.5506753,28.1325,2.4023
1970-06-30,0.0063999999999999994,0.007716666666666667,0.005408333333333334,0.005725,34.8483936,29.5811,2.3961
1970-07-31,0.00615,0.007375,0.005316666666666667,0.005708333333333333,37.5300812,30.8597,2.3912
1970-08-31,0.006241666666666667,0.007858333333333333,0.005275,0.005683333333333334,39.3263412,30.9111,2.3836
1970-09-30,0.006075,0.007791666666666666,0.004866666666666667,0.005683333333333334,40.7958919,33.0379,2.3866
1970-10-31,0.006108333333333334,0.008016666666666667,0.004866666666666667,0.0056749999999999995,40.4143287,33.022,2.39
1970-11-30,0.005408333333333334,0.008166666666666668,0.0042,0.005683333333333334,42.4588811,30.9376,2.3899
1970-12-31,0.005416666666666667,0.00805,0.0040416666666666665,0.005683333333333334,44.9966073,32.8201,2.3938
1971-01-31,0.005075,0.0079,0.0034583333333333337,0.005658333333333334,46.9443652,33.1229,2.4174
1971-02-28,0.005116666666666666,0.007791666666666666,0.002833333333333333,0.005625,47.4970466,32.4217,2.416
1971-03-31,0.004608333333333333,0.007508333333333333,0.0030333333333333336,0.0055583333333333335,49.3719571,34.7415,2.4168
1971-04-30,0.005066666666666666,0.007641666666666666,0.003275,0.004791666666666666,51.2905986,38.8908,2.4193
1971-05-31,0.005316666666666667,0.007791666666666666,0.0036166666666666665,0.0047083333333333335,49.2864451,40.3925,2.4178
1971-06-30,0.005583333333333333,0.007575,0.00435,0.004675,49.4488975,41.2886,2.4196
1971-07-31,0.005708333333333333,0.007575,0.004424999999999999,0.004641666666666667,47.5330724,44.4815,2.4184
1971-08-31,0.005233333333333334,0.007683333333333334,0.0037,0.0048,49.3768453,44.7613,2.4535
1971-09-30,0.005,0.0072499999999999995,0.003833333333333333,0.004033333333333333,49.1611105,44.9473,2.4847
1971-10-31,0.0048916666666666666,0.007216666666666666,0.003591666666666666,0.0038583333333333334,47.2344546,44.2017,2.4914
1971-11-30,0.004941666666666666,0.007033333333333333,0.0036166666666666665,0.003741666666666667,47.2425364,45.5246,2.4937
1971-12-31,0.004908333333333333,0.006941666666666666,0.0030666666666666668,0.0037,51.4425812,48.3739,2.552
1972-01-31,0.005075,0.006775000000000001,0.0027916666666666667,0.0036333333333333335,52.5035406,50.6248,2.5937
1972-02-29,0.005033333333333333,0.007,0.0028833333333333332,0.0036416666666666667,53.7688264,53.7823,2.6059
1972-03-31,0.0051,0.007275,0.003191666666666667,0.0036166666666666665,54.4096033,54.8732,2.6163
1972-04-30,0.005116666666666666,0.007183333333333332,0.003025,0.0035833333333333333,54.7779422,57.2214,2.611
1972-05-31,0.0050416666666666665,0.007933333333333332,0.003175,0.003558333333333333,55.7624647,55.0609,2.613
1972-06-30,0.005125,0.007791666666666666,0.003383333333333333,0.004341666666666666,54.7661565,52.4222,2.441
1972-07-31,0.0051,0.007716666666666667,0.0031666666666666666,0.004666666666666666,55.0252356,55.601,2.4498
1972-08-31,0.00535,0.008166666666666668,0.0037916666666666667,0.004825,57.0524602,56.8424,2.4483
1972-09-30,0.00545,0.00805,0.0037916666666666667,0.005366666666666667,56.9071347,50.9294,2.4195
1972-10-31,0.0053416666666666664,0.007975,0.003966666666666666,0.0056166666666666665,57.5723192,52.9287,2.3405
1972-11-30,0.005233333333333334,0.008016666666666667,0.004066666666666666,0.005733333333333333,60.4374979,57.209,2.3522
1972-12-31,0.0053416666666666664,0.00805,0.0042833333333333334,0.006466666666666667,61.1835476,56.2863,2.348
1973-01-31,0.00545,0.007933333333333332,0.004733333333333333,0.006841666666666668,60.2734227,50.8355,2.3817
1973-02-28,0.005533333333333333,0.008333333333333333,0.004875,0.006733333333333333,58.1510529,49.0297,2.4905
1973-03-31,0.005608333333333334,0.008591666666666668,0.005333333333333334,0.006725,58.205169,49.3348,2.477
1973-04-30,0.005583333333333333,0.00855,0.005191666666666667,0.006391666666666667,55.9704477,49.7809,2.49
1973-05-31,0.005775,0.008458333333333333,0.0057666666666666665,0.0061333333333333335,55.0540001,50.4305,2.5682
1973-06-30,0.005783333333333334,0.00855,0.006266666666666666,0.0058,54.8328763,50.414,2.585
1973-07-31,0.0061916666666666665,0.009008333333333333,0.006933333333333334,0.009075,57.0587743,47.9186,2.5276
1973-08-31,0.0060416666666666665,0.009366666666666667,0.007216666666666666,0.009141666666666668,55.1094265,46.4235,2.4595
1973-09-30,0.00575,0.009575,0.005816666666666667,0.009116666666666667,57.4633429,48.1214,2.4148
1973-10-31,0.005591666666666667,0.009366666666666667,0.0061333333333333335,0.008891666666666666,57.5383606,49.723,2.4397
1973-11-30,0.005575,0.0101,0.006083333333333333,0.010374999999999999,51.1365512,43.403,2.345
1973-12-31,0.00575,0.009983333333333334,0.006216666666666666,0.01035,52.1337402,40.1561,2.3225
1974-01-31,0.005833333333333334,0.010616666666666667,0.006233333333333334,0.010025,51.7631075,38.5005,2.27
1974-02-28,0.005841666666666667,0.011416666666666665,0.006216666666666666,0.01015,51.7293687,40.3562,2.3075
1974-03-31,0.006175,0.012441666666666667,0.0069,0.010291666666666666,50.6792114,32.1304,2.394
1974-04-30,0.006383333333333334,0.012258333333333335,0.007416666666666667,0.00985,48.8576083,35.0152,2.418
1974-05-31,0.006266666666666666,0.011108333333333333,0.006733333333333333,0.009616666666666666,47.3761698,32.2517,2.3985
1974-06-30,0.006366666666666666,0.012625,0.006116666666666667,0.009633333333333334,46.8397049,29.061,2.391
1974-07-31,0.006575,0.012341666666666667,0.006391666666666667,0.0096,43.3590765,27.8825,2.3847
1974-08-31,0.006758333333333333,0.013333333333333334,0.007441666666666667,0.009641666666666666,39.6083729,24.646,2.3175
1974-09-30,0.006616666666666667,0.012625,0.0051,0.009408333333333333,35.0459536,21.6657,2.3375
1974-10-31,0.006491666666666666,0.013891666666666668,0.0065,0.009333333333333332,40.9255057,22.4366,2.3365
1974-11-30,0.006366666666666666,0.013775,0.006225,0.009408333333333333,38.9153866,19.1116,2.326
1974-12-31,0.006166666666666667,0.014366666666666665,0.005883333333333333,0.009416666666666667,38.2980073,19.3737,2.347
1975-01-31,0.006275,0.012341666666666667,0.004733333333333333,0.008619833333333334,43.1723982,29.8551,2.382
1975-02-28,0.006216666666666666,0.012725,0.0045000000000000005,0.008203166666666666,45.9293986,37.1611,2.429
1975-03-31,0.0066749999999999995,0.011908333333333333,0.004608333333333333,0.007838583333333333,47.0978446,34.9541,2.4067
1975-04-30,0.006925000000000001,0.012625,0.004583333333333333,0.007734416666666666,49.4986073,41.4533,2.3515
1975-05-31,0.006699999999999999,0.012258333333333335,0.004333333333333333,0.007903666666666668,51.8568221,43.3628,2.32
1975-06-30,0.006633333333333333,0.012166666666666666,0.004883333333333333,0.00796875,54.331253,38.4394,2.19
1975-07-31,0.006833333333333333,0.011416666666666665,0.005208333333333333,0.008697916666666666,50.8319675,37.3929,2.155
1975-08-31,0.00685,0.012166666666666666,0.0053,0.008671916666666666,49.9379824,42.709,2.111
1975-09-30,0.007066666666666667,0.012258333333333335,0.005483333333333333,0.008802083333333334,48.3854222,44.0637,2.0434
1975-10-31,0.006591666666666667,0.012533333333333332,0.004591666666666667,0.00951825,51.5448374,45.9924,2.0554
1975-11-30,0.006783333333333334,0.012533333333333332,0.0046166666666666665,0.009166666666666667,52.9957889,46.8508,2.022
1975-12-31,0.006466666666666667,0.012166666666666666,0.004333333333333333,0.008815083333333333,52.5640195,48.8441,2.0242
1976-01-31,0.0065,0.010683333333333333,0.003941666666666667,0.007695333333333334,58.9619349,53.5781,2.0305
1976-02-29,0.006475,0.011733333333333333,0.004166666666666667,0.0072004999999999994,58.4693807,52.0719,2.0276
1976-03-31,0.006383333333333334,0.011908333333333333,0.004141666666666667,0.0069791666666666665,60.4440365,51.5297,1.9163
1976-04-30,0.006391666666666667,0.011733333333333333,0.004091666666666667,0.008164083333333334,59.9637484,53.265,1.8435
1976-05-31,0.006633333333333333,0.011908333333333333,0.004575,0.009244833333333334,59.2870988,49.8431,1.764
1976-06-30,0.00655,0.011575,0.004475,0.009140666666666667,61.8991571,49.3251,1.7883
1976-07-31,0.00655,0.011658333333333333,0.004308333333333333,0.009088583333333334,61.5908865,48.2815,1.7863
1976-08-31,0.006383333333333334,0.012341666666666667,0.004241666666666666,0.009140666666666667,61.4662853,46.1902,1.779
1976-09-30,0.006291666666666667,0.012916666666666667,0.004216666666666666,0.010729166666666666,63.049669,43.5346,1.669
1976-10-31,0.006183333333333333,0.013441666666666666,0.004075,0.012057333333333333,61.8501766,38.9141,1.591
1976-11-30,0.005841666666666667,0.012441666666666667,0.003683333333333333,0.01169275,61.5723502,42.1234,1.6545
1976-12-31,0.0056749999999999995,0.012166666666666666,0.0036166666666666665,0.011224,65.0083427,49.9265,1.7025
1977-01-31,0.006166666666666667,0.011041666666666667,0.003933333333333333,0.00985675,61.934846,54.9794,1.7155
1977-02-28,0.006208333333333333,0.011733333333333333,0.003916666666666666,0.00891925,60.8053955,56.638,1.7153
1977-03-31,0.006183333333333333,0.01035,0.0037833333333333334,0.007395833333333333,60.1654166,58.8368,1.7201
1977-04-30,0.006208333333333333,0.010683333333333333,0.003908333333333334,0.006171916666666667,60.3997987,60.6884,1.7194
1977-05-31,0.00615,0.010825,0.0041916666666666665,0.006263,59.1994441,62.7004,1.7196
1977-06-30,0.006,0.010825,0.00415,0.0062239999999999995,62.1085453,64.4606,1.72
1977-07-31,0.006183333333333333,0.010750000000000001,0.0045000000000000005,0.006145833333333333,61.3326869,63.0655,1.7375
1977-08-31,0.006066666666666667,0.010616666666666667,0.004633333333333333,0.0053255,60.2747888,70.4748,1.743
1977-09-30,0.006175,0.008866666666666667,0.004908333333333333,0.004375,60.3587874,76.9099,1.7479
1977-10-31,0.00635,0.008958333333333334,0.00515,0.00375,57.9823076,75.5826,1.8465
1977-11-30,0.006291666666666667,0.009633333333333334,0.005033333333333333,0.005403666666666667,59.789971,72.036,1.8175
1977-12-31,0.006483333333333333,0.008775,0.005108333333333334,0.005182333333333333,60.2055422,74.4715,1.92
1978-01-31,0.006616666666666667,0.009158333333333334,0.00535,0.00485675,56.7553642,71.1159,1.952
1978-02-28,0.006699999999999999,0.0098,0.00535,0.004974,55.604142,67.7265,1.942
1978-03-31,0.006791666666666667,0.0098,0.005391666666666666,0.005013,57.2459195,72.2604,1.865
1978-04-30,0.006866666666666667,0.010291666666666666,0.005291666666666667,0.005859416666666666,62.398185,73.7019,1.825
1978-05-31,0.007016666666666667,0.01035,0.005541666666666667,0.0071224166666666675,62.9260972,77.0045,1.8365
1978-06-30,0.007183333333333332,0.01035,0.005841666666666667,0.007773416666666666,62.084313,75.201,1.853
1978-07-31,0.0071333333333333335,0.010225,0.005633333333333333,0.00765625,65.7033488,80.3802,1.932
1978-08-31,0.006991666666666667,0.010483333333333334,0.0062833333333333335,0.007421916666666667,67.6796207,82.7293,1.944
1978-09-30,0.0071333333333333335,0.010616666666666667,0.0066500000000000005,0.00765625,67.4625434,82.6067,1.9746
1978-10-31,0.0074666666666666675,0.010683333333333333,0.007291666666666667,0.008632833333333334,61.5625512,79.7366,2.076
1978-11-30,0.007383333333333333,0.01055,0.007508333333333333,0.009635416666666667,62.8659749,81.2785,1.9445
1978-12-31,0.007625000000000001,0.010483333333333334,0.007716666666666667,0.009700499999999999,64.082723,80.7917,2.0435
1979-01-31,0.0074583333333333324,0.011183333333333333,0.007741666666666666,0.010234416666666666,66.9184918,82.453,1.9885
1979-02-28,0.007641666666666666,0.010216666666666667,0.007875,0.009778666666666668,64.76439,87.9633,2.026
1979-03-31,0.007591666666666666,0.0091,0.007866666666666666,0.009479166666666667,68.6278204,99.0423,2.0695
1979-04-30,0.007791666666666666,0.00925,0.007966666666666667,0.009414083333333333,69.0434109,104.357,2.07
1979-05-31,0.00755,0.009508333333333334,0.007975,0.009544249999999999,67.5270032,97.9935,2.0684
1979-06-30,0.007341666666666667,0.010225,0.0074583333333333324,0.011145833333333334,70.440646,93.3672,2.1765
1979-07-31,0.007508333333333333,0.01015,0.00765,0.011145833333333334,71.3711109,89.7489,2.2465
1979-08-31,0.0077,0.009841666666666667,0.008175,0.009440083333333333,75.4749972,94.1013,2.2605
1979-09-30,0.007866666666666666,0.009883333333333333,0.008433333333333333,0.011158833333333333,75.7919922,97.3604,2.199
1979-10-31,0.008933333333333333,0.010508333333333333,0.0101,0.01138175,70.9187012,91.2526,2.0825
1979-11-30,0.008650000000000001,0.011425000000000001,0.009575,0.013385416666666667,74.2693644,89.3912,2.1965
1979-12-31,0.008608333333333334,0.0116,0.010033333333333333,0.013229166666666667,75.8437676,89.3055,2.2145
1980-01-31,0.009275,0.011283333333333333,0.01,0.01328125,80.5538084,98.3927,2.2668
1980-02-29,0.0106,0.0114,0.011675,0.0134375,80.5418517,103.644,2.2625
1980-03-31,0.010533333333333334,0.011383333333333334,0.011866666666666666,0.013554666666666666,72.6855319,94.9432,2.157
1980-04-30,0.008966666666666666,0.010924999999999999,0.008658333333333334,0.013320333333333333,76.0283503,99.1073,2.266
1980-05-31,0.008541666666666666,0.010658333333333332,0.006458333333333333,0.013372416666666668,79.9231262,97.3305,2.3545
1980-06-30,0.008408333333333334,0.010750000000000001,0.006566666666666667,0.013059916666666668,82.4342241,108.268,2.36
1980-07-31,0.008966666666666666,0.0106,0.007183333333333332,0.012265666666666666,88.1607071,114.011,2.332
1980-08-31,0.009625,0.011,0.0083,0.012526083333333334,89.0416891,114.769,2.405
1980-09-30,0.009883333333333333,0.010683333333333333,0.009533333333333333,0.011966166666666667,91.6508201,118.422,2.386
1980-10-31,0.010383333333333335,0.010425,0.010591666666666668,0.01200525,93.4939664,125.61,2.438
1980-11-30,0.0106,0.010433333333333333,0.012066666666666667,0.01078125,103.4417905,126.587,2.3575
1980-12-31,0.010358333333333332,0.011091666666666666,0.011916666666666667,0.010872416666666667,100.3158824,120.945,2.395
1981-01-31,0.010566666666666667,0.011166666666666667,0.012158333333333333,0.010546916666666666,96.1140819,120.329,2.36
1981-02-28,0.011191666666666666,0.011025,0.011850000000000001,0.0096615,97.7780998,127.245,2.202
1981-03-31,0.010941666666666667,0.010841666666666666,0.010383333333333335,0.009830750000000001,101.6913094,130.226,2.237
1981-04-30,0.011758333333333332,0.010991666666666667,0.012383333333333333,0.009387999999999999,99.7041017,140.29,2.141
1981-05-31,0.01125,0.01115,0.012583333333333334,0.009557333333333333,99.9387565,133.914,2.073
1981-06-30,0.01155,0.011791666666666667,0.011899999999999999,0.009921916666666667,99.2999549,136.688,1.924
1981-07-31,0.012225,0.01215,0.012391666666666665,0.0115625,99.4916664,136.893,1.8375
1981-08-31,0.012841666666666666,0.012266666666666667,0.012933333333333333,0.011015666666666667,93.7262457,144.05,1.839
1981-09-30,0.0132,0.012866666666666667,0.01195,0.013099,89.0953811,120.487,1.806
1981-10-31,0.012191666666666667,0.012683333333333335,0.010625,0.013072916666666667,93.8979795,124.538,1.87
1981-11-30,0.010941666666666667,0.011883333333333333,0.008641666666666666,0.011510416666666667,97.7595762,137.75,1.9605
1981-12-31,0.01165,0.012558333333333333,0.009233333333333333,0.012330750000000001,95.2469162,137.589,1.917
1982-01-31,0.011783333333333333,0.0122,0.0109,0.011262999999999999,94.0110457,146.105,1.8745
1982-02-28,0.011691666666666666,0.011466666666666667,0.010833333333333334,0.011145833333333334,88.756027,140.519,1.82
1982-03-31,0.011816666666666666,0.011491666666666666,0.011658333333333333,0.010364583333333333,88.2929043,145.571,1.781
1982-04-30,0.011558333333333332,0.011775,0.010958333333333334,0.010859416666666667,92.2735334,146.971,1.7945
1982-05-31,0.011425000000000001,0.011591666666666667,0.009975000000000001,0.010859416666666667,89.1098849,151.878,1.791
1982-06-30,0.012033333333333333,0.011566666666666668,0.011133333333333334,0.0102865,87.7536686,146.006,1.7355
1982-07-31,0.0114,0.011066666666666666,0.008808333333333333,0.009362,86.1934184,151.795,1.738
1982-08-31,0.010675,0.010033333333333333,0.007266666666666667,0.008385416666666666,96.6491977,156.848,1.7205
1982-09-30,0.009775,0.009716666666666667,0.006566666666666667,0.008138,97.8468937,166.091,1.6945
1982-10-31,0.008925,0.00895,0.006808333333333333,0.00765625,109.111007,170.434,1.677
1982-11-30,0.008991666666666665,0.009775,0.0071333333333333335,0.0084375,113.5197021,173.851,1.632
1982-12-31,0.008633333333333333,0.009441666666666666,0.006833333333333333,0.008125,115.709087,177.832,1.618
1983-01-31,0.009000000000000001,0.010108333333333334,0.006966666666666666,0.00920575,120.0172073,184.552,1.5202
1983-02-28,0.008558333333333333,0.00965,0.006841666666666668,0.009088583333333334,122.7708568,187.291,1.5115
1983-03-31,0.008849999999999998,0.009399999999999999,0.0074666666666666675,0.00859375,127.3116615,194.037,1.4825
1983-04-30,0.008558333333333333,0.009291666666666667,0.006983333333333334,0.008177083333333333,137.3313043,207.714,1.5573
1983-05-31,0.009008333333333333,0.009141666666666668,0.007475000000000001,0.008203166666666666,136.1183902,207.776,1.6005
1983-06-30,0.009133333333333334,0.009266666666666666,0.007625000000000001,0.0077865,141.4144185,218.737,1.5333
1983-07-31,0.0098,0.009733333333333333,0.007991666666666666,0.008020833333333333,137.2368942,213.384,1.52
1983-08-31,0.009983333333333334,0.009658333333333333,0.008033333333333333,0.0077865,139.28297,216.369,1.494
1983-09-30,0.009533333333333333,0.009158333333333334,0.007533333333333333,0.0075,141.1996497,214.911,1.4977
1983-10-31,0.009783333333333333,0.009075,0.007358333333333333,0.007395833333333333,139.5599634,211.821,1.4952
1983-11-30,0.009691666666666668,0.008841666666666666,0.0077,0.007369833333333333,142.4959876,224.585,1.463
1983-12-31,0.00985,0.008975,0.007775,0.00737,141.7432587,229.685,1.4515
1984-01-31,0.009725,0.009033333333333332,0.007716666666666667,0.007369833333333333,140.9507136,245.67,1.4012
1984-02-29,0.010033333333333333,0.009008333333333333,0.007908333333333333,0.007395833333333333,135.9893941,242.504,1.4905
1984-03-31,0.010441666666666667,0.008875000000000001,0.008408333333333334,0.007005000000000001,138.3429747,258.741,1.4375
1984-04-30,0.010683333333333333,0.009174999999999999,0.008416666666666666,0.00700525,139.6288254,264.932,1.398
1984-05-31,0.011591666666666667,0.009741666666666666,0.008441666666666667,0.007344166666666667,131.8728847,237.342,1.3855
1984-06-30,0.011533333333333333,0.00975,0.008591666666666668,0.007291666666666667,134.7088429,243.522,1.3575
1984-07-31,0.010758333333333333,0.0102,0.009025,0.00953125,133.0337281,238.087,1.3073
1984-08-31,0.010658333333333332,0.009416666666666667,0.009216666666666666,0.00828125,147.7228266,262.085,1.3075
1984-09-30,0.010391666666666667,0.009191666666666666,0.008858333333333334,0.0084375,147.7534648,270.822,1.234
1984-10-31,0.009824999999999999,0.009141666666666668,0.007791666666666666,0.0081775,148.3023051,275.82,1.2185
1984-11-30,0.00965,0.008958333333333334,0.0072833333333333335,0.0075650833333333325,146.6210188,285.432,1.197
1984-12-31,0.009625,0.009225,0.006766666666666666,0.0076300000000000005,150.4637031,303.185,1.158
1985-01-31,0.009308333333333333,0.009533333333333333,0.006941666666666666,0.01,162.1845471,314.65,1.1305
1985-02-28,0.009925,0.009525,0.007341666666666667,0.0113025,164.1606466,312.015,1.079
1985-03-31,0.009708333333333334,0.009241666666666667,0.007058333333333334,0.0103125,164.267863,319.007,1.236
1985-04-30,0.009508333333333334,0.009233333333333333,0.006766666666666666,0.009947916666666667,164.099095,323.283,1.241
1985-05-31,0.008566666666666667,0.009258333333333334,0.00615,0.009947916666666667,173.5569171,330.849,1.286
1985-06-30,0.008541666666666666,0.009208333333333334,0.005875,0.01,176.2527914,311.854,1.3095
1985-07-31,0.008808333333333333,0.008891666666666666,0.006266666666666666,0.00890625,175.999139,318.904,1.411
1985-08-31,0.008566666666666667,0.008883333333333333,0.00615,0.009166666666666667,174.4909202,341.09,1.391
1985-09-30,0.008591666666666668,0.008791666666666668,0.006058333333333333,0.00921875,169.0368376,332.012,1.4085
1985-10-31,0.008341666666666666,0.008808333333333333,0.006183333333333333,0.009284083333333333,176.8332929,355.944,1.4405
1985-11-30,0.007991666666666666,0.008849999999999998,0.006158333333333333,0.009219166666666667,188.9520256,370.533,1.489
1985-12-31,0.0075,0.009025,0.006066666666666667,0.009296916666666667,198.0818463,364.216,1.439
1986-01-31,0.007566666666666667,0.009266666666666666,0.005991666666666667,0.01015625,199.1777015,371.817,1.41
1986-02-28,0.006775000000000001,0.008558333333333333,0.006033333333333333,0.009895833333333333,214.0445733,402.416,1.4519
1986-03-31,0.006158333333333333,0.007616666666666667,0.005441666666666667,0.0090365,225.9757943,435.713,1.4834
1986-04-30,0.00615,0.007408333333333334,0.005233333333333334,0.00825525,223.4172804,441.718,1.551
1986-05-31,0.0067083333333333335,0.007775,0.005408333333333334,0.007864583333333333,235.2787618,428.243,1.4729
1986-06-30,0.006124999999999999,0.007958333333333335,0.005108333333333334,0.007682166666666667,239.2406694,444.675,1.5319
1986-07-31,0.006116666666666667,0.008083333333333333,0.004966666666666667,0.00796875,225.8563115,421.885,1.491
1986-08-31,0.005791666666666667,0.007991666666666666,0.004424999999999999,0.007760416666666666,242.590855,447.797,1.4874
1986-09-30,0.006208333333333333,0.009049999999999999,0.00445,0.008645833333333333,222.5224149,423.821,1.4479
1986-10-31,0.006116666666666667,0.0091,0.00445,0.00877625,235.3639586,445.651,1.4239
1986-11-30,0.005958333333333334,0.00925,0.0046166666666666665,0.008906666666666667,241.0840694,451.458,1.4345
1986-12-31,0.006025,0.008808333333333333,0.004858333333333333,0.00888025,234.9318738,464.327,1.4819
1987-01-31,0.005983333333333333,0.008891666666666666,0.0048,0.008815,266.5617113,502.499,1.5118
1987-02-28,0.005991666666666667,0.008408333333333334,0.004666666666666666,0.008645833333333333,277.0789962,548.606,1.5448
1987-03-31,0.006258333333333333,0.007966666666666667,0.004825,0.007578333333333333,285.0688726,560.6,1.6049
1987-04-30,0.006841666666666668,0.007791666666666666,0.00475,0.007447916666666667,282.49757,575.982,1.6613
1987-05-31,0.0070750000000000006,0.00765,0.0048916666666666666,0.007135416666666667,284.8984907,619.176,1.6279
1987-06-30,0.006983333333333334,0.00805,0.004925,0.007382833333333334,299.2458779,653.025,1.5953
1987-07-31,0.007216666666666666,0.008391666666666667,0.005225,0.007448333333333334,314.3876169,682.017,1.5903
1987-08-31,0.0075,0.008791666666666668,0.0053750000000000004,0.008229166666666666,326.0913798,653.326,1.6279
1987-09-30,0.008025000000000001,0.008733333333333334,0.005691666666666667,0.0081775,318.9243259,690.753,1.6241
1987-10-31,0.0074,0.008008333333333333,0.004541666666666667,0.007448333333333334,250.244446,507.64,1.7211
1987-11-30,0.0074916666666666664,0.007975,0.004516666666666666,0.007109166666666667,229.6168863,457.215,1.8261
1987-12-31,0.007358333333333333,0.008191666666666667,0.004883333333333333,0.0069275000000000005,247.0799963,501.576,1.8867
1988-01-31,0.006883333333333333,0.007958333333333335,0.00485,0.006953333333333333,257.473,528.329,1.7651
1988-02-29,0.0068000000000000005,0.0079,0.004833333333333334,0.007395833333333333,269.475,525.896,1.7737
1988-03-31,0.007141666666666667,0.007783333333333333,0.0048916666666666666,0.006875,261.15,522.333,1.8848
1988-04-30,0.007391666666666666,0.007941666666666666,0.0051333333333333335,0.0065365,264.038,543.274,1.8758
1988-05-31,0.007666666666666666,0.008025000000000001,0.0055583333333333335,0.0059375,266.322,542.725,1.8346
1988-06-30,0.007350000000000001,0.008383333333333333,0.005641666666666666,0.0077083333333333335,278.544,567.593,1.7109
1988-07-31,0.007599999999999999,0.008316666666666667,0.005983333333333333,0.00859375,277.487,570.73,1.7082
1988-08-31,0.0077083333333333335,0.008708333333333334,0.0062833333333333335,0.009739583333333333,268.067,541.763,1.684
1988-09-30,0.007391666666666666,0.008408333333333334,0.006241666666666667,0.009635833333333333,279.488,565.238,1.6913
1988-10-31,0.007208333333333334,0.008175,0.00635,0.0096875,287.27,578.346,1.7675
1988-11-30,0.00755,0.008758333333333333,0.00675,0.010494999999999999,283.176,561.036,1.8527
1988-12-31,0.007616666666666667,0.008658333333333334,0.006974999999999999,0.010508333333333333,288.116,559.508,1.8089
1989-01-31,0.007508333333333333,0.00815,0.007241666666666666,0.010208333333333333,309.214,637.588,1.7514
1989-02-28,0.0077666666666666665,0.008408333333333334,0.007525,0.010520833333333333,301.508,632.814,1.7418
1989-03-31,0.007750000000000001,0.008466666666666667,0.007691666666666667,0.0104425,308.542,655.533,1.6848
1989-04-30,0.007516666666666666,0.008516666666666667,0.007258333333333334,0.010390833333333334,324.562,668.154,1.6856
1989-05-31,0.007166666666666667,0.008841666666666666,0.0074333333333333335,0.011458333333333333,337.693,671.845,1.5705
1989-06-30,0.00675,0.008775,0.006883333333333333,0.011328166666666667,335.778,680.607,1.5519
1989-07-31,0.006516666666666667,0.00825,0.006699999999999999,0.011106749999999999,366.095,728.347,1.6645
1989-08-31,0.006883333333333333,0.008466666666666667,0.0068000000000000005,0.011145833333333334,373.252,752.055,1.5685
1989-09-30,0.006925000000000001,0.008891666666666666,0.006816666666666666,0.011640666666666667,371.738,731.068,1.6192
1989-10-31,0.0066,0.008825,0.006699999999999999,0.0121875,363.106,678.027,1.5805
1989-11-30,0.006533333333333333,0.009075,0.006533333333333333,0.012174500000000001,370.511,717.057,1.5708
1989-12-31,0.006608333333333333,0.0088,0.0065,0.012083333333333333,379.409,761.387,1.611
1990-01-31,0.007025,0.009358333333333333,0.006666666666666667,0.0121615,353.937,738.953,1.6775
1990-02-28,0.007091666666666666,0.009808333333333334,0.006699999999999999,0.012083333333333333,358.496,713.356,1.6758
1990-03-31,0.007208333333333334,0.010408333333333334,0.006725,0.012148416666666667,367.995,713.255,1.6445
1990-04-30,0.007533333333333333,0.011041666666666667,0.006725,0.012239583333333333,358.815,670.775,1.64
1990-05-31,0.007166666666666667,0.010133333333333333,0.0066749999999999995,0.012083333333333333,393.801,745.561,1.6778
1990-06-30,0.007025,0.009708333333333334,0.006666666666666667,0.01200525,391.144,759.398,1.7485
1990-07-31,0.006966666666666666,0.009808333333333334,0.00645,0.011979166666666667,389.89,747.586,1.8635
1990-08-31,0.007383333333333333,0.010083333333333333,0.006358333333333333,0.011901083333333333,354.648,687.882,1.8905
1990-09-30,0.007350000000000001,0.010158333333333333,0.006141666666666667,0.011914083333333334,337.388,633.476,1.875
1990-10-31,0.007208333333333334,0.009633333333333334,0.006116666666666667,0.0109375,335.952,655.033,1.9425
1990-11-30,0.006883333333333333,0.009191666666666666,0.006033333333333333,0.010729166666666666,357.668,683.612,1.943
1990-12-31,0.006733333333333333,0.009300000000000001,0.0055249999999999995,0.011171916666666667,367.631,687.251,1.932
1991-01-31,0.006691666666666666,0.008650000000000001,0.005308333333333333,0.011041666666666667,383.642,691.48,1.9655
1991-02-28,0.006683333333333333,0.00855,0.005183333333333333,0.009895833333333333,411.078,769.83,1.9115
1991-03-31,0.0067083333333333335,0.008533333333333334,0.004933333333333333,0.009635416666666667,421.032,802.115,1.7465
1991-04-30,0.006683333333333333,0.008658333333333334,0.004733333333333333,0.009375,422.029,814.803,1.733
1991-05-31,0.006716666666666667,0.0088,0.004758333333333333,0.008984416666666667,440.235,816.808,1.697
1991-06-30,0.006866666666666667,0.008875000000000001,0.004758333333333333,0.008932333333333334,420.067,792.092,1.621
1991-07-31,0.006833333333333333,0.008675,0.00475,0.008645833333333333,439.646,848.681,1.6845
1991-08-31,0.006516666666666667,0.008475,0.004575,0.008489583333333333,450.062,873.67,1.6805
1991-09-30,0.006225,0.008191666666666667,0.004383333333333333,0.008072916666666667,442.53,876.885,1.7485
1991-10-31,0.006225,0.008283333333333334,0.0041333333333333335,0.008229166666666666,448.48,859.305,1.7385
1991-11-30,0.00615,0.008450000000000001,0.0037249999999999996,0.0084375,430.409,813.534,1.7675
1991-12-31,0.005591666666666667,0.008333333333333333,0.0033,0.0084375,479.633,829.837,1.865
1992-01-31,0.006091666666666666,0.008025000000000001,0.0032833333333333334,0.00825525,470.695,860.325,1.785
1992-02-29,0.006058333333333333,0.007916666666666667,0.0033583333333333334,0.008072916666666667,476.791,864.685,1.7568
1992-03-31,0.0062833333333333335,0.008433333333333333,0.0034583333333333337,0.008541666666666666,467.518,828.681,1.736
1992-04-30,0.006341666666666667,0.007833333333333333,0.0031583333333333333,0.008125,481.245,912.935,1.779
1992-05-31,0.006108333333333334,0.007625000000000001,0.0031583333333333333,0.007864583333333333,483.604,935.22,1.8275
1992-06-30,0.0059499999999999996,0.007816666666666668,0.0030416666666666665,0.007864583333333333,476.409,872.008,1.9033
1992-07-31,0.0056,0.007949999999999999,0.0027083333333333334,0.00794275,495.872,822.824,1.9253
1992-08-31,0.005516666666666667,0.008233333333333334,0.002691666666666667,0.00828125,485.723,793.059,1.9875
1992-09-30,0.005308333333333333,0.007641666666666666,0.0022916666666666667,0.006927083333333334,491.431,876.367,1.7838
1992-10-31,0.005666666666666666,0.00695,0.002525,0.005729166666666666,493.129,915.685,1.557
1992-11-30,0.005791666666666667,0.0073,0.0028166666666666665,0.005520833333333333,509.92,959.997,1.5155
1992-12-31,0.005583333333333333,0.007025,0.0026249999999999997,0.00544275,516.178,1000.0,1.51
1993-01-31,0.005325,0.007025,0.0024666666666666665,0.004583333333333333,520.494,1001.9,1.486
1993-02-28,0.005025,0.006775000000000001,0.0025083333333333333,0.0046615,527.587,1026.7,1.424
1993-03-31,0.005025,0.006716666666666667,0.0024583333333333336,0.004609416666666666,538.719,1045.6,1.5143
1993-04-30,0.0050416666666666665,0.007058333333333334,0.002475,0.0046615,525.698,1034.5699,1.573
1993-05-31,0.0051333333333333335,0.007058333333333334,0.002608333333333333,0.004557333333333333,539.761,1049.27,1.561
1993-06-30,0.004833333333333334,0.006625,0.0025833333333333333,0.004453166666666667,541.341,1073.3199,1.489
1993-07-31,0.004858333333333333,0.006341666666666667,0.0025833333333333333,0.004453166666666667,539.164,1088.37,1.4815
1993-08-31,0.004541666666666667,0.005875,0.0025666666666666667,0.004296916666666667,559.621,1159.52,1.4911
1993-09-30,0.0045000000000000005,0.005991666666666667,0.0024833333333333335,0.004349,555.33,1141.85,1.495
1993-10-31,0.0045249999999999995,0.005791666666666667,0.0025833333333333333,0.004557333333333333,566.817,1189.34,1.478
1993-11-30,0.004858333333333333,0.0056166666666666665,0.002675,0.004140666666666667,561.414,1185.46,1.4855
1993-12-31,0.004858333333333333,0.005158333333333333,0.002558333333333333,0.004166666666666667,568.202,1284.09,1.4765
1994-01-31,0.00475,0.0052499999999999995,0.0025416666666666665,0.004140666666666667,587.519,1334.62,1.5052
1994-02-28,0.005125,0.005866666666666667,0.002891666666666667,0.00390625,571.573,1283.85,1.485
1994-03-31,0.005641666666666666,0.006408333333333334,0.0029666666666666665,0.004088583333333333,546.654,1204.09,1.4835
1994-04-30,0.005883333333333333,0.00675,0.0033083333333333337,0.004114583333333333,553.664,1222.36,1.5193
1994-05-31,0.005975,0.007366666666666666,0.003591666666666666,0.0040365,562.75,1163.27,1.5105
1994-06-30,0.006116666666666667,0.007358333333333333,0.0035499999999999998,0.004114583333333333,548.956,1139.12,1.5441
1994-07-31,0.005933333333333333,0.007291666666666667,0.003658333333333333,0.004296916666666667,566.982,1207.52,1.5435
1994-08-31,0.005991666666666667,0.007233333333333333,0.0039,0.004479166666666667,590.228,1274.91,1.5345
1994-09-30,0.00635,0.0075,0.004,0.0047135833333333335,575.795,1189.78,1.5775
1994-10-31,0.006508333333333333,0.0074333333333333335,0.004333333333333333,0.004895833333333334,588.731,1212.73,1.6357
1994-11-30,0.006591666666666667,0.007191666666666667,0.0047666666666666664,0.00481775,567.286,1209.33,1.5648
1994-12-31,0.006533333333333333,0.007408333333333334,0.004733333333333333,0.00515625,575.705,1208.83,1.566
1995-01-31,0.006333333333333333,0.007266666666666667,0.005,0.005260416666666667,590.635,1177.9301,1.5785
1995-02-28,0.006016666666666667,0.007341666666666667,0.00495,0.005390666666666667,613.653,1186.6,1.5825
1995-03-31,0.006,0.007233333333333333,0.0049,0.00515625,631.76,1237.85,1.6215
1995-04-30,0.005891666666666667,0.007175,0.0048916666666666666,0.005416666666666667,650.363,1274.05,1.612
1995-05-31,0.0052499999999999995,0.006741666666666667,0.004841666666666666,0.00515625,676.357,1322.59,1.586
1995-06-30,0.005175,0.007200000000000001,0.004666666666666666,0.005260416666666667,692.067,1319.76,1.5945
1995-07-31,0.0053750000000000004,0.006983333333333334,0.004666666666666666,0.005494833333333333,715.018,1387.38,1.597
1995-08-31,0.005233333333333334,0.006883333333333333,0.004541666666666667,0.00546875,716.815,1406.8,1.5495
1995-09-30,0.005141666666666667,0.006908333333333332,0.0045000000000000005,0.00546875,747.066,1425.7,1.583
1995-10-31,0.005025,0.006741666666666667,0.004566666666666667,0.005416666666666667,744.396,1429.39,1.58
1995-11-30,0.0048,0.006408333333333334,0.004566666666666667,0.005260416666666667,777.074,1478.02,1.5315
1995-12-31,0.0046500000000000005,0.006308333333333333,0.0042499999999999994,0.005182333333333333,792.042,1497.6,1.55
1996-01-31,0.004666666666666666,0.006366666666666666,0.004208333333333333,0.005026083333333333,819.0,1534.66,1.5125
1996-02-29,0.005108333333333334,0.006808333333333333,0.004183333333333333,0.0049219166666666665,826.593,1537.22,1.5313
1996-03-31,0.0052833333333333335,0.006958333333333333,0.004275,0.00481775,834.55,1550.11,1.5261
1996-04-30,0.00555,0.006833333333333333,0.0042833333333333334,0.004869833333333334,846.854,1617.15,1.5061
1996-05-31,0.005708333333333333,0.006925000000000001,0.004316666666666667,0.00484375,868.694,1597.61,1.5507
1996-06-30,0.005608333333333334,0.0067083333333333335,0.004316666666666667,0.004648416666666667,872.008,1578.3199,1.5523
1996-07-31,0.005666666666666666,0.006716666666666667,0.004433333333333333,0.004609416666666666,833.482,1566.51,1.5562
1996-08-31,0.0058,0.006716666666666667,0.0044083333333333335,0.004609416666666666,851.064,1644.91,1.5617
1996-09-30,0.0056,0.006508333333333333,0.0042833333333333334,0.0046875,898.966,1675.8101,1.565
1996-10-31,0.005308333333333333,0.006475,0.004308333333333333,0.004895833333333334,923.76,1689.29,1.6268
1996-11-30,0.00505,0.006225,0.004275,0.005078166666666667,993.584,1717.5,1.6815
1996-12-31,0.005358333333333333,0.0063750000000000005,0.004341666666666666,0.00513025,973.897,1747.21,1.712
1997-01-31,0.005441666666666667,0.0062833333333333335,0.004291666666666667,0.004960916666666666,1034.741,1813.3101,1.602
1997-02-28,0.0054666666666666665,0.006124999999999999,0.00435,0.005026083333333333,1042.851,1834.67,1.629
1997-03-31,0.0057666666666666665,0.006358333333333333,0.004458333333333333,0.00515625,1000.02,1839.48,1.6384
1997-04-30,0.0056,0.006316666666666667,0.0044,0.0053125,1059.701,1878.86,1.6235
1997-05-31,0.0055583333333333335,0.0061,0.0041333333333333335,0.005234416666666667,1124.219,1942.39,1.6405
1997-06-30,0.005425,0.006016666666666667,0.004375,0.005364583333333333,1174.586,1934.85,1.665
1997-07-31,0.005016666666666667,0.005891666666666667,0.004375,0.0056770833333333335,1268.045,2032.61,1.64
1997-08-31,0.0052833333333333335,0.005983333333333333,0.004366666666666667,0.00578125,1197.007,2024.5601,1.62
1997-09-30,0.0051,0.005458333333333333,0.004216666666666666,0.005807333333333334,1262.563,2188.5801,1.618
1997-10-31,0.004866666666666667,0.005533333333333333,0.004341666666666666,0.005885416666666666,1220.397,2032.21,1.673
1997-11-30,0.004883333333333333,0.0055,0.00435,0.006119833333333333,1276.892,2063.3101,1.6885
1997-12-31,0.004791666666666666,0.005325,0.0044666666666666665,0.006119833333333333,1298.821,2185.8,1.647
1998-01-31,0.004608333333333333,0.005108333333333334,0.004325000000000001,0.006204416666666666,1313.187,2272.2029,1.633
1998-02-28,0.004683333333333334,0.005158333333333333,0.004433333333333333,0.0060425,1407.9,2403.6255,1.644
1998-03-31,0.004725,0.0049833333333333335,0.0043,0.006154166666666666,1479.997,2508.3643,1.6726
1998-04-30,0.004733333333333333,0.004933333333333333,0.004166666666666667,0.0062373333333333334,1494.887,2522.5281,1.6705
1998-05-31,0.004633333333333333,0.004816666666666667,0.0041916666666666665,0.006124166666666667,1469.193,2537.3147,1.63
1998-06-30,0.004533333333333334,0.00495,0.0042499999999999994,0.00645925,1528.87,2488.561,1.6675
1998-07-31,0.004583333333333333,0.004875,0.0042499999999999994,0.006408583333333333,1512.59,2484.71,1.6338
1998-08-31,0.004208333333333333,0.004475,0.0041333333333333335,0.0063022500000000006,1293.904,2226.8201,1.682
1998-09-30,0.0037,0.004125,0.0036416666666666667,0.006019666666666667,1376.792,2144.4099,1.6981
1998-10-31,0.0038666666666666663,0.004266666666666667,0.003608333333333333,0.005770416666666667,1488.783,2294.01,1.6747
1998-11-30,0.00395,0.00395,0.0038083333333333337,0.00541,1579.015,2409.9099,1.6479
1998-12-31,0.0038750000000000004,0.0036750000000000003,0.0037333333333333337,0.005030166666666666,1670.006,2456.0801,1.6539
1999-01-31,0.0038833333333333333,0.0035,0.0037333333333333337,0.004708833333333333,1739.839,2477.3501,1.6455
1999-02-28,0.0044083333333333335,0.0038083333333333337,0.0038833333333333333,0.004431416666666667,1685.767,2600.3401,1.6025
1999-03-31,0.004375,0.003775,0.003741666666666667,0.004234666666666667,1753.212,2680.5701,1.6105
1999-04-30,0.0044666666666666665,0.0038750000000000004,0.0037916666666666667,0.004275,1821.106,2810.45,1.609
1999-05-31,0.004699999999999999,0.0041,0.0038833333333333333,0.004301,1778.1,2685.6299,1.6025
1999-06-30,0.004841666666666666,0.004266666666666667,0.0039833333333333335,0.0041135,1876.783,2743.24,1.577
1999-07-31,0.004933333333333333,0.0045000000000000005,0.003958333333333334,0.004163166666666667,1818.181,2725.8501,1.621
1999-08-31,0.0049833333333333335,0.004375,0.00415,0.004192,1809.186,2750.0,1.6032
1999-09-30,0.004916666666666667,0.004741666666666667,0.004066666666666666,0.004520083333333333,1759.589,2649.4399,1.6472
1999-10-31,0.005016666666666667,0.004591666666666667,0.004266666666666667,0.004535416666666667,1870.937,2725.1599,1.643
1999-11-30,0.00515,0.0044083333333333335,0.004416666666666667,0.00458225,1908.97,2900.46,1.5984
1999-12-31,0.0053750000000000004,0.004633333333333333,0.004441666666666667,0.004621416666666667,2021.401,3050.51,1.6176
2000-01-31,0.005566666666666667,0.004841666666666666,0.0048,0.005016916666666666,1919.841,2801.5901,1.6154
2000-02-29,0.00535,0.0046,0.004816666666666667,0.004972583333333333,1883.499,2821.03,1.5784
2000-03-31,0.005025,0.004424999999999999,0.0049,0.005098,2067.75,2945.8301,1.5916
2000-04-30,0.005191666666666667,0.0044,0.00485,0.00505,2005.549,2849.04,1.5516
2000-05-31,0.005241666666666667,0.004366666666666667,0.004691666666666667,0.005058333333333334,1964.401,2868.48,1.501
2000-06-30,0.005025,0.004366666666666667,0.0049,0.005058333333333334,2012.83,2883.73,1.5167
2000-07-31,0.005033333333333333,0.004416666666666667,0.005225,0.005058333333333334,1981.361,2917.8799,1.499
2000-08-31,0.004775000000000001,0.004508333333333334,0.005258333333333333,0.005058333333333334,2104.432,3068.96,1.4473
2000-09-30,0.004833333333333334,0.004391666666666666,0.005191666666666667,0.005033333333333333,1993.332,2902.4099,1.4758
2000-10-31,0.004808333333333333,0.004366666666666667,0.005316666666666667,0.005,1984.905,2952.1899,1.4481
2000-11-30,0.004566666666666667,0.004116666666666667,0.005175,0.004916666666666667,1828.416,2828.4099,1.4259
2000-12-31,0.004266666666666667,0.004116666666666667,0.004908333333333333,0.0049,1837.365,2870.49,1.4957
2001-01-31,0.004325000000000001,0.004083333333333334,0.004158333333333333,0.004758333333333333,1902.553,2916.76,1.4635
2001-02-28,0.0041,0.0041333333333333335,0.0040416666666666665,0.004675,1729.075,2768.5901,1.4444
2001-03-31,0.004108333333333333,0.004033333333333333,0.0035833333333333333,0.004508333333333334,1619.537,2628.6699,1.4156
2001-04-30,0.004458333333333333,0.004316666666666667,0.0032916666666666667,0.0044083333333333335,1745.392,2787.7,1.4319
2001-05-31,0.0045249999999999995,0.0044083333333333335,0.003025,0.004291666666666667,1757.086,2737.4199,1.4178
2001-06-30,0.004516666666666666,0.0044666666666666665,0.0030416666666666665,0.004341666666666666,1714.321,2660.1899,1.4157
2001-07-31,0.0042250000000000005,0.0042250000000000005,0.00295,0.004291666666666667,1697.445,2599.6299,1.4246
2001-08-31,0.0040416666666666665,0.004108333333333333,0.0028083333333333333,0.0040416666666666665,1591.182,2534.7,1.4535
2001-09-30,0.003833333333333333,0.004141666666666667,0.002,0.0037,1462.69,2299.8201,1.4741
2001-10-31,0.0035833333333333333,0.0038166666666666666,0.0017083333333333332,0.0034583333333333337,1490.582,2374.26,1.4541
2001-11-30,0.0039833333333333335,0.003925,0.0014833333333333332,0.003275,1604.919,2477.8,1.4238
2001-12-31,0.0042250000000000005,0.004266666666666667,0.00145,0.0033166666666666665,1618.979,2488.96,1.4541
2002-01-31,0.0042250000000000005,0.004125,0.0014666666666666667,0.003299583333333333,1595.353,2462.99,1.4104
2002-02-28,0.004066666666666666,0.004208333333333333,0.0014916666666666667,0.00330775,1564.586,2443.0601,1.4155
2002-03-31,0.004516666666666666,0.0044666666666666665,0.0014916666666666667,0.0034089999999999997,1623.429,2545.46,1.4254
2002-04-30,0.004258333333333334,0.004383333333333333,0.001475,0.003419833333333333,1525.004,2505.8799,1.457
2002-05-31,0.004233333333333334,0.004433333333333333,0.00145,0.0034463,1513.769,2475.1299,1.4538
2002-06-30,0.004050000000000001,0.0042250000000000005,0.0014166666666666666,0.0034114666666666665,1405.929,2266.72,1.5333
2002-07-31,0.003758333333333333,0.004091666666666667,0.001425,0.0033096666666666665,1296.344,2057.6699,1.5635
2002-08-31,0.00345,0.0038916666666666665,0.0014083333333333333,0.0032823833333333334,1304.855,2064.3701,1.5494
2002-09-30,0.003025,0.003683333333333333,0.0013083333333333334,0.0032586666666666667,1163.044,1821.5601,1.5683
2002-10-31,0.003275,0.003841666666666667,0.0012,0.0032404166666666666,1265.411,1963.42,1.5645
2002-11-30,0.0035166666666666666,0.003941666666666667,0.0010166666666666666,0.003239333333333333,1339.892,2032.96,1.5525
2002-12-31,0.003191666666666667,0.003683333333333333,0.0010166666666666666,0.0033157499999999997,1261.176,1924.39,1.611
2003-01-31,0.0033333333333333335,0.0036000000000000003,0.0009833333333333332,0.0032651750000000004,1228.138,1751.73,1.6474
2003-02-28,0.0030916666666666666,0.0035666666666666668,0.001,0.0030333666666666668,1209.711,1797.65,1.5735
2003-03-31,0.003191666666666667,0.003608333333333333,0.0009499999999999999,0.002991875,1221.456,1786.58,1.5828
2003-04-30,0.0032416666666666666,0.003666666666666667,0.0009416666666666666,0.0029826916666666667,1322.068,1954.04,1.5984
2003-05-31,0.0028083333333333333,0.003405,0.000925,0.0029904083333333335,1391.724,2039.74,1.6361
2003-06-30,0.00295,0.0035,0.00075,0.003009075,1409.478,2046.12,1.6547
2003-07-31,0.003741666666666667,0.0038083333333333337,0.0007999999999999999,0.00284925,1434.329,2126.8601,1.6098
2003-08-31,0.0037083333333333334,0.003881666666666667,0.0008166666666666666,0.0030009583333333333,1462.302,2160.1499,1.5772
2003-09-30,0.0033,0.0038175,0.0007916666666666666,0.0030603833333333334,1446.773,2125.73,1.6611
2003-10-31,0.003608333333333333,0.0042608333333333335,0.0007999999999999999,0.003278075,1528.617,2230.99,1.6946
2003-11-30,0.0036166666666666665,0.004268333333333333,0.0007750000000000001,0.0033124916666666666,1542.066,2259.8301,1.722
2003-12-31,0.003558333333333333,0.004075,0.0007916666666666666,0.0033166666666666665,1622.939,2325.8201,1.785
2004-01-31,0.003466666666666667,0.0041333333333333335,0.0007666666666666667,0.0034333333333333334,1652.728,2305.78,1.8244
2004-02-29,0.0033250000000000003,0.004017499999999999,0.0007999999999999999,0.0034760416666666663,1675.7,2371.6599,1.8674
2004-03-31,0.0032166666666666667,0.0040058333333333335,0.0007916666666666666,0.003615625,1650.42,2340.24,1.8454
2004-04-30,0.003775,0.004209166666666667,0.0008166666666666666,0.0036824166666666667,1624.511,2388.4399,1.7786
2004-05-31,0.0038833333333333333,0.0043525,0.0009000000000000001,0.0038591999999999997,1646.804,2356.9399,1.8314
2004-06-30,0.00385,0.0043033333333333335,0.0011083333333333333,0.004038833333333333,1678.826,2391.6101,1.8191
2004-07-31,0.00375,0.004300833333333333,0.0012083333333333334,0.004127416666666666,1623.262,2354.72,1.8198
2004-08-31,0.0034416666666666667,0.0041533333333333335,0.001325,0.0041388833333333335,1629.828,2393.6399,1.8022
2004-09-30,0.00345,0.004075833333333333,0.001425,0.004108591666666667,1647.48,2460.24,1.8115
2004-10-31,0.003375,0.003994999999999999,0.0015916666666666666,0.004084241666666667,1672.649,2498.9099,1.8377
2004-11-30,0.0036333333333333335,0.003874166666666667,0.0018583333333333334,0.004069675,1740.327,2572.0901,1.9107
2004-12-31,0.0035333333333333336,0.0038233333333333335,0.00185,0.0040125000000000004,1799.548,2624.4399,1.9184
2005-01-31,0.00345,0.0038824999999999997,0.0020916666666666666,0.004058333333333333,1755.684,2659.27,1.8833
2005-02-28,0.0036333333333333335,0.003993333333333333,0.0023,0.004083333333333334,1792.631,2728.27,1.9219
2005-03-31,0.00375,0.003961666666666666,0.0023250000000000002,0.0040416666666666665,1760.887,2704.47,1.8895
2005-04-30,0.0035083333333333334,0.0038183333333333333,0.002416666666666667,0.004025,1727.491,2639.3101,1.9077
2005-05-31,0.0033333333333333335,0.003635,0.0024916666666666668,0.0039833333333333335,1782.457,2746.71,1.8175
2005-06-30,0.0032833333333333334,0.0035141666666666663,0.002608333333333333,0.003908333333333334,1784.987,2840.01,1.7912
2005-07-31,0.0035666666666666668,0.003635,0.00285,0.0037666666666666664,1851.368,2936.1699,1.7564
2005-08-31,0.0033499999999999997,0.003501666666666667,0.0029333333333333334,0.0037833333333333334,1834.476,2970.3799,1.8033
2005-09-30,0.0036166666666666665,0.0036108333333333335,0.002958333333333333,0.0037333333333333337,1849.334,3071.8501,1.7637
2005-10-31,0.0038083333333333337,0.0036516666666666663,0.0033166666666666665,0.0037175000000000003,1818.504,2983.1499,1.7697
2005-11-30,0.003741666666666667,0.0035633333333333333,0.0032916666666666667,0.003741666666666667,1887.284,3081.55,1.7298
2005-12-31,0.003658333333333333,0.003451666666666667,0.0034000000000000002,0.003775,1887.931,3202.9299,1.7211
2006-01-31,0.003775,0.003483333333333333,0.0037249999999999996,0.003775,1937.93,3296.1799,1.7787
2006-02-28,0.0037916666666666667,0.0035166666666666666,0.00385,0.0036916666666666664,1943.19,3335.8201,1.7538
2006-03-31,0.004050000000000001,0.0037,0.0038583333333333334,0.0036916666666666664,1967.38,3462.2,1.738
2006-04-30,0.0042250000000000005,0.003933333333333333,0.003974999999999999,0.0036916666666666664,1993.79,3498.9299,1.8253
2006-05-31,0.004266666666666667,0.0038666666666666663,0.004050000000000001,0.00375,1936.41,3331.74,1.8695
2006-06-30,0.004291666666666667,0.0039833333333333335,0.004175,0.0037666666666666664,1939.03,3398.5801,1.8475
2006-07-31,0.004158333333333333,0.0038916666666666665,0.0042499999999999994,0.003775,1950.99,3443.3799,1.8673
2006-08-31,0.00395,0.0037833333333333334,0.004208333333333333,0.00395,1997.42,3467.9399,1.9042
2006-09-30,0.0038666666666666663,0.0038083333333333337,0.004075,0.004033333333333333,2048.89,3522.5901,1.8721
2006-10-31,0.003841666666666667,0.003758333333333333,0.004233333333333334,0.004125,2115.65,3629.3601,1.9074
2006-11-30,0.0037166666666666667,0.003758333333333333,0.0041916666666666665,0.004175,2155.89,3618.9199,1.9651
2006-12-31,0.003925,0.00395,0.004183333333333333,0.004233333333333334,2186.13,3739.46,1.9588
2007-01-31,0.004025,0.00415,0.004266666666666667,0.004416666666666667,2219.19,3729.99,1.9637
2007-02-28,0.0037999999999999996,0.004048833333333333,0.0043,0.0044083333333333335,2175.78,3723.7,1.9638
2007-03-31,0.0038750000000000004,0.004192250000000001,0.0042,0.004483333333333333,2200.12,3848.1799,1.9679
2007-04-30,0.0038583333333333334,0.004255500000000001,0.004091666666666667,0.004566666666666667,2297.57,3942.4399,1.9988
2007-05-31,0.004083333333333334,0.004436666666666667,0.003941666666666667,0.004658333333333333,2377.75,4053.6299,1.9805
2007-06-30,0.0041916666666666665,0.004614666666666667,0.004016666666666667,0.0048,2338.25,4022.9399,2.0092
2007-07-31,0.0039833333333333335,0.004397333333333333,0.0041333333333333335,0.00485,2265.75,3889.1499,2.0285
2007-08-31,0.0037833333333333334,0.0042495,0.0033416666666666664,0.004758333333333333,2299.71,3878.6299,2.0151
2007-09-30,0.003825,0.0042281666666666665,0.003183333333333333,0.004566666666666667,2385.72,3952.04,2.0469
2007-10-31,0.0037333333333333337,0.0041572499999999995,0.0032833333333333334,0.004625,2423.67,4123.8198,2.0813
2007-11-30,0.0033083333333333337,0.003909,0.0026249999999999997,0.004483333333333333,2322.34,3928.05,2.0571
2007-12-31,0.0033666666666666667,0.003756666666666667,0.0028,0.004358333333333334,2306.23,3938.25,1.9847
2008-01-31,0.0030583333333333335,0.0037308333333333334,0.0016333333333333332,0.004108333333333333,2167.9,3596.98,1.9872
2008-02-29,0.0029416666666666666,0.003724166666666667,0.0015416666666666667,0.004108333333333333,2097.48,3624.6499,1.9869
2008-03-31,0.002875,0.003623333333333333,0.00115,0.004033333333333333,2088.42,3550.21,1.9828
2008-04-30,0.0031416666666666667,0.0038916666666666665,0.0011916666666666666,0.0039833333333333335,2190.13,3772.3301,1.9862
2008-05-31,0.003383333333333333,0.004155,0.001575,0.004241666666666666,2218.5,3764.8301,1.9821
2008-06-30,0.0033250000000000003,0.004275,0.0015833333333333333,0.004358333333333334,2031.47,3498.8601,1.9928
2008-07-31,0.0033250000000000003,0.004005,0.0014,0.004275,2014.39,3372.8601,1.9835
2008-08-31,0.003191666666666667,0.0037333333333333337,0.0014333333333333333,0.004158333333333333,2043.53,3541.3501,1.8211
2008-09-30,0.0032083333333333334,0.0037075,0.0007666666666666667,0.0035499999999999998,1861.44,3072.54,1.7828
2008-10-31,0.0033416666666666664,0.00377,0.00038333333333333334,0.0026,1548.81,2706.99,1.6068
2008-11-30,0.0024416666666666666,0.00314,8.333333333333334e-06,0.0012666666666666666,1437.68,2661.8201,1.5393
2008-12-31,0.001875,0.0025166666666666666,9.166666666666667e-05,0.0009916666666666665,1452.98,2759.5801,1.4626
2009-01-31,0.002391666666666667,0.003086666666666667,0.00019999999999999998,0.0007750000000000001,1330.51,2598.72,1.4503
2009-02-28,0.0025166666666666666,0.003019166666666667,0.00021666666666666668,0.0005333333333333334,1188.84,2429.28,1.4309
2009-03-31,0.002258333333333333,0.0026383333333333332,0.000175,0.000525,1292.98,2508.9399,1.4325
2009-04-30,0.0026333333333333334,0.0029175,0.00011666666666666668,0.0004583333333333334,1416.73,2758.4299,1.4786
2009-05-31,0.002891666666666667,0.0031225,0.00011666666666666668,0.0004666666666666667,1495.97,2874.04,1.6182
2009-06-30,0.0029416666666666666,0.003075,0.00015833333333333332,0.0004583333333333334,1498.94,2781.8799,1.6463
2009-07-31,0.0029333333333333334,0.0031675,0.00015,0.000375,1612.31,3018.4099,1.6718
2009-08-31,0.002833333333333333,0.0029633333333333334,0.000125,0.00035833333333333333,1670.52,3250.8501,1.6274
2009-09-30,0.0027583333333333336,0.0029933333333333335,0.00011666666666666668,0.00035,1732.86,3404.3601,1.6004
2009-10-31,0.002841666666666667,0.0030158333333333335,4.166666666666667e-05,0.00035833333333333333,1700.67,3342.3799,1.6446
2009-11-30,0.002675,0.0029358333333333333,4.9999999999999996e-05,0.00025,1802.68,3441.3,1.6452
2009-12-31,0.0032083333333333334,0.003388333333333333,4.9999999999999996e-05,0.00031666666666666665,1837.49,3590.71,1.6154
2010-01-31,0.003025,0.0032591666666666667,6.666666666666667e-05,0.0004583333333333334,1771.4,3462.4399,1.6002
2010-02-28,0.0030083333333333333,0.0033591666666666666,0.00010833333333333334,0.00039166666666666663,1826.27,3579.23,1.5247
2010-03-31,0.0031999999999999997,0.0032825000000000003,0.00013333333333333334,0.0005166666666666667,1936.48,3821.1201,1.5182
2010-04-30,0.003075,0.0032099999999999997,0.00013333333333333334,0.00042500000000000003,1967.05,3768.05,1.5268
2010-05-31,0.0027583333333333336,0.0029841666666666667,0.00013333333333333334,0.00043333333333333337,1809.98,3533.48,1.4537
2010-06-30,0.002475,0.0027958333333333333,0.00015,0.0004416666666666667,1715.23,3370.0601,1.4947
2010-07-31,0.00245,0.0027666666666666664,0.000125,0.0004166666666666667,1835.4,3602.4199,1.5682
2010-08-31,0.0020583333333333335,0.0023583333333333334,0.00011666666666666668,0.0004833333333333333,1752.55,3594.3301,1.5349
2010-09-30,0.002108333333333333,0.0024583333333333336,0.00013333333333333334,0.00047499999999999994,1908.95,3829.4199,1.5711
2010-10-31,0.0021916666666666664,0.0025666666666666667,9.999999999999999e-05,0.00045000000000000004,1981.59,3926.4399,1.6038
2010-11-30,0.002341666666666667,0.0026833333333333336,0.00014166666666666668,0.0004583333333333334,1981.84,3837.8501,1.5551
2010-12-31,0.0028166666666666665,0.002833333333333333,9.999999999999999e-05,0.0004666666666666667,2114.29,4111.8999,1.5599
2011-01-31,0.00285,0.00305,0.000125,0.0004833333333333333,2164.3999,4090.1799,1.6014
2011-02-28,0.0029916666666666663,0.003,0.000125,0.0005333333333333334,2238.55,4188.2598,1.6256
2011-03-31,0.002891666666666667,0.003075,7.5e-05,0.00055,2239.4399,4154.29,1.6031
2011-04-30,0.00285,0.0028583333333333334,3.3333333333333335e-05,0.0004833333333333333,2305.76,4283.5298,1.6701
2011-05-31,0.002558333333333333,0.0027416666666666666,4.9999999999999996e-05,0.0004666666666666667,2279.6599,4252.8398,1.6449
2011-06-30,0.00265,0.0028166666666666665,2.4999999999999998e-05,0.0004666666666666667,2241.6599,4233.6899,1.6047
2011-07-31,0.0023499999999999997,0.0023833333333333332,8.333333333333334e-05,0.00043333333333333337,2196.0801,4140.4399,1.6418
2011-08-31,0.0018583333333333334,0.0021666666666666666,1.6666666666666667e-05,0.00043333333333333337,2076.78,3855.3,1.6252
2011-09-30,0.0015999999999999999,0.0020250000000000003,1.6666666666666667e-05,0.0004416666666666667,1930.79,3662.27,1.5582
2011-10-31,0.0018083333333333332,0.002033333333333333,8.333333333333334e-06,0.0004166666666666667,2141.8101,3951.27,1.6088
2011-11-30,0.0017333333333333335,0.001925,8.333333333333334e-06,0.00035,2137.0801,3936.52,1.5694
2011-12-31,0.001575,0.00165,1.6666666666666667e-05,0.000275,2158.9399,3969.6001,1.5535
2012-01-31,0.001525,0.0016416666666666667,4.9999999999999996e-05,0.000325,2255.6899,4077.3701,1.5756
2012-02-29,0.00165,0.0017916666666666667,6.666666666666667e-05,0.00036666666666666667,2353.23,4252.25,1.5916
2012-03-31,0.0018583333333333334,0.0018333333333333335,5.833333333333334e-05,0.000325,2430.6699,4211.8799,1.601
2012-04-30,0.001625,0.0017583333333333333,8.333333333333334e-05,0.00028333333333333335,2415.4199,4198.0601,1.6231
2012-05-31,0.001325,0.0013083333333333334,5.833333333333334e-05,0.00036666666666666667,2270.2495,3903.5601,1.5403
2012-06-30,0.0013916666666666667,0.0014416666666666666,7.5e-05,0.000325,2363.7888,4101.2798,1.5705
2012-07-31,0.0012583333333333333,0.001225,9.166666666666667e-05,0.00025833333333333334,2396.6194,4155.8501,1.5676
2012-08-31,0.0013083333333333334,0.0012166666666666667,7.5e-05,0.000275,2450.5981,4247.77,1.5864
2012-09-30,0.001375,0.0014416666666666666,8.333333333333334e-05,0.0002666666666666667,2513.9258,4293.8999,1.6164
2012-10-31,0.0014333333333333333,0.0015416666666666667,9.166666666666667e-05,0.000275,2467.5078,4338.3198,1.6128
2012-11-30,0.00135,0.0014583333333333334,6.666666666666667e-05,0.0003691666666666667,2481.82,4414.4199,1.601
2012-12-31,0.0014833333333333332,0.001525,4.166666666666667e-05,0.00038250000000000003,2504.44,4458.04,1.6251
2013-01-31,0.0016833333333333333,0.0017583333333333333,5.833333333333334e-05,0.0003133333333333333,2634.16,4742.1001,1.5854
2013-02-28,0.001575,0.0016416666666666667,9.166666666666667e-05,0.0003083333333333333,2669.92,4850.1401,1.516
2013-03-31,0.0015583333333333334,0.001475,5.833333333333334e-05,0.000305,2770.05,4918.2798,1.5201
2013-04-30,0.0014166666666666666,0.0014083333333333333,4.166666666666667e-05,0.0003083333333333333,2823.42,4946.77,1.5531
2013-05-31,0.0018000000000000002,0.0016666666666666668,3.3333333333333335e-05,0.0003125,2889.46,5090.8198,1.5198
2013-06-30,0.0021,0.002033333333333333,3.3333333333333335e-05,0.00031,2850.66,4836.7998,1.521
2013-07-31,0.0021666666666666666,0.0019666666666666665,3.3333333333333335e-05,0.00030416666666666667,2995.72,5164.8599,1.5206
2013-08-31,0.0023166666666666665,0.0023083333333333332,2.4999999999999998e-05,0.0003075,2908.96,5050.5698,1.5508
2013-09-30,0.0022,0.002266666666666667,1.6666666666666667e-05,0.00032333333333333335,3000.18,5106.9302,1.6184
2013-10-31,0.0021416666666666667,0.002175,3.3333333333333335e-05,0.000305,3138.09,5325.7998,1.604
2013-11-30,0.0022916666666666667,0.0023116666666666667,4.9999999999999996e-05,0.00032250000000000003,3233.72,5288.52,1.6365
2013-12-31,0.002533333333333333,0.00253,5.833333333333334e-05,0.00032416666666666667,3315.59,5385.6299,1.6556
2014-01-31,0.002225,0.002266666666666667,1.6666666666666667e-05,0.00030083333333333335,3200.95,5220.9902,1.6432
2014-02-28,0.0022166666666666667,0.0022675,4.166666666666667e-05,0.0003025,3347.38,5494.6499,1.6743
2014-03-31,0.002275,0.0022775,4.166666666666667e-05,0.0002933333333333333,3375.51,5351.52,1.6662
2014-04-30,0.002225,0.0022183333333333334,2.4999999999999998e-05,0.0003125,3400.46,5467.2002,1.687
2014-05-31,0.0020666666666666667,0.0021441666666666666,3.3333333333333335e-05,0.0003025,3480.29,5541.9302,1.675
2014-06-30,0.002108333333333333,0.00223,3.3333333333333335e-05,0.00033083333333333337,3552.18,5471.1699,1.7103
2014-07-31,0.00215,0.00218,2.4999999999999998e-05,0.00035,3503.19,5454.8101,1.6884
2014-08-31,0.001958333333333333,0.0019716666666666667,2.4999999999999998e-05,0.0003508333333333333,3643.33,5572.21,1.6597
2014-09-30,0.0021,0.0020241666666666667,1.6666666666666667e-05,0.00040083333333333334,3592.25,5417.8901,1.6212
2014-10-31,0.001958333333333333,0.0018624999999999998,8.333333333333334e-06,0.0003675,3679.99,5380.7002,1.5995
2014-11-30,0.0018166666666666667,0.0016049999999999999,1.6666666666666667e-05,0.000375,3778.96,5537.7202,1.5646
2014-12-31,0.0018083333333333332,0.0014633333333333334,3.3333333333333335e-05,0.0003575,3769.44,5449.0898,1.5573
2015-01-31,0.0014,0.0011175,1.6666666666666667e-05,0.0003425,3656.28,5592.0601,1.5066
2015-02-28,0.0016916666666666664,0.0015033333333333333,1.6666666666666667e-05,0.0003508333333333333,3866.42,5800.2402,1.5432
2015-03-31,0.0016166666666666666,0.0013266666666666667,2.4999999999999998e-05,0.00035916666666666665,3805.27,5703.3701,1.4816
2015-04-30,0.0017083333333333332,0.0015133333333333333,8.333333333333334e-06,0.00038333333333333334,3841.78,5876.2598,1.5349
2015-05-31,0.0017666666666666668,0.00151,8.333333333333334e-06,0.00039000000000000005,3891.18,5955.71,1.5288
2015-06-30,0.001958333333333333,0.0017108333333333333,8.333333333333334e-06,0.0003933333333333333,3815.85,5613.54,1.5705
2015-07-31,0.0018333333333333335,0.0016491666666666668,6.666666666666667e-05,0.00039749999999999996,3895.8,5748.0698,1.5622
2015-08-31,0.0018416666666666666,0.0016375,6.666666666666667e-05,0.00038333333333333334,3660.75,5442.0601,1.5342
2015-09-30,0.0017166666666666667,0.0014966666666666668,8.333333333333333e-07,0.0004083333333333333,3570.17,5293.3301,1.5127
2015-10-31,0.0018000000000000002,0.0016025,6.666666666666667e-05,0.00039833333333333333,3871.33,5541.71,1.5428
2015-11-30,0.0018416666666666666,0.0015258333333333333,0.00018333333333333334,0.00040249999999999997,3882.84,5573.1499,1.5054
2015-12-31,0.0018916666666666667,0.0016341666666666668,0.00013333333333333334,0.00038250000000000003,3821.6,5502.4199,1.4738
2016-01-31,0.0016166666666666666,0.0013283333333333335,0.000275,0.00039833333333333333,3631.96,5332.8901,1.4245
2016-02-29,0.00145,0.0011366666666666667,0.000275,0.00038333333333333334,3627.06,5375.6201,1.3915
2016-03-31,0.0014833333333333332,0.00117,0.000175,0.00039000000000000005,3873.11,5479.77,1.4358
2016-04-30,0.001525,0.00134,0.00018333333333333334,0.00039000000000000005,3888.13,5542.1001,1.4611
2016-05-31,0.0015333333333333334,0.0012291666666666668,0.00028333333333333335,0.00038750000000000004,3957.95,5580.1899,1.4477
2016-06-30,0.0012416666666666667,0.0008266666666666666,0.00021666666666666668,0.00036,3968.21,5737.4702,1.3306
2016-07-31,0.0012166666666666667,0.0006158333333333334,0.00023333333333333336,0.00026,4114.51,5967.54,1.3226
2016-08-31,0.0013166666666666667,0.0005333333333333334,0.000275,0.00018666666666666666,4120.29,6080.5898,1.3137
2016-09-30,0.0013333333333333335,0.0006375,0.00024166666666666664,0.000185,4121.06,6183.8198,1.2975
2016-10-31,0.0015333333333333334,0.0010408333333333335,0.00028333333333333335,0.00019500000000000002,4045.89,6218.71,1.2242
2016-11-30,0.001975,0.0011541666666666666,0.00039999999999999996,0.00016916666666666667,4195.73,6117.6899,1.2504
2016-12-31,0.002041666666666667,0.0010375,0.00042500000000000003,0.0001775,4278.66,6424.25,1.2336
2017-01-31,0.002041666666666667,0.0012241666666666668,0.00043333333333333337,0.00018166666666666667,4359.81,6402.77,1.2577
2017-02-28,0.0019666666666666665,0.000975,0.0004416666666666667,0.00017416666666666665,4532.93,6601.6602,1.238
2017-03-31,0.002,0.0009333333333333334,0.0006333333333333333,0.0001825,4538.21,6682.6699,1.2545
2017-04-30,0.0019083333333333333,0.0008991666666666666,0.0006666666666666668,0.0001433333333333333,4584.82,6658.04,1.2946
2017-05-31,0.0018416666666666666,0.0008333333333333334,0.0008166666666666666,0.00014583333333333332,4649.34,6948.5898,1.2888
2017-06-30,0.001925,0.0010458333333333333,0.0008583333333333333,0.000175,4678.36,6777.29,1.3025
2017-07-31,0.0019166666666666666,0.0010125000000000002,0.0008916666666666667,0.00015916666666666667,4774.56,6856.4399,1.3212
2017-08-31,0.0017666666666666668,0.0008583333333333333,0.0008416666666666667,0.0001725,4789.18,6951.79,1.2929
2017-09-30,0.0019416666666666666,0.0011316666666666667,0.0008833333333333334,0.00020166666666666667,4887.97,6922.2002,1.3396
2017-10-31,0.001983333333333333,0.0011058333333333332,0.0009583333333333333,0.0002775,5002.03,7051.23,1.3282
2017-11-30,0.0020166666666666666,0.0011416666666666667,0.0010583333333333334,0.0003325,5155.44,6934.5298,1.3525
2017-12-31,0.002,0.0010041666666666667,0.0011583333333333333,0.00028333333333333335,5212.76,7265.6602,1.3512
2018-01-31,0.002266666666666667,0.0012116666666666667,0.0012166666666666667,0.00026,5511.21,7125.0801,1.419
2018-02-28,0.002391666666666667,0.0012858333333333333,0.001375,0.00029749999999999997,5308.09,6891.9199,1.376
2018-03-31,0.0022833333333333334,0.0011191666666666667,0.0014416666666666666,0.0003558333333333333,5173.19,6766.1499,1.4015
2018-04-30,0.0024583333333333336,0.0011975,0.0015583333333333334,0.0004133333333333333,5193.04,7201.0601,1.3769
2018-05-31,0.0023583333333333334,0.0010708333333333334,0.0016083333333333334,0.0003725,5318.1,7402.0801,1.3298
2018-06-30,0.002375,0.0010633333333333334,0.0016083333333333334,0.0004833333333333333,5350.83,7388.6899,1.3207
2018-07-31,0.0024666666666666665,0.0011175,0.0016916666666666664,0.0005825,5549.96,7484.0498,1.3124
2018-08-31,0.0023833333333333332,0.0011933333333333334,0.0017583333333333333,0.00062,5730.8,7277.3999,1.2961
2018-09-30,0.0025416666666666665,0.0013083333333333334,0.001825,0.0006091666666666666,5763.42,7328.3799,1.3028
2018-10-31,0.0026249999999999997,0.0011966666666666666,0.00195,0.0005958333333333333,5369.49,6947.8398,1.2765
2018-11-30,0.0025083333333333333,0.0011300000000000001,0.001975,0.0006341666666666667,5478.91,6833.5698,1.2751
2018-12-31,0.0022416666666666665,0.0010591666666666666,0.002041666666666667,0.0006058333333333333,4984.22,6577.3901,1.2757
2019-01-31,0.0021916666666666664,0.0010166666666666666,0.0020083333333333333,0.0005816666666666666,5383.63,6852.1899,1.31
2019-02-28,0.002275,0.0010858333333333332,0.002041666666666667,0.0005233333333333333,5556.49,7009.3501,1.3261
2019-03-31,0.0020083333333333333,0.0008308333333333334,0.002,0.0013033333333333334,5664.46,7196.1802,1.3031
2019-04-30,0.0020916666666666666,0.0009883333333333333,0.0020250000000000003,0.0006266666666666666,5893.81,7389.3901,1.3031
2019-05-31,0.0017833333333333334,0.00074,0.001958333333333333,0.0006091666666666666,5519.27,7167.4702,1.2631
2019-06-30,0.0016666666666666668,0.000695,0.0017666666666666668,0.00122,5908.25,7430.6099,1.2693
2019-07-31,0.0016833333333333333,0.0005075,0.0017333333333333335,0.0006333333333333333,5993.17,7579.3501,1.2157
2019-08-31,0.00125,0.00039916666666666665,0.0016583333333333333,0.0006266666666666666,5898.23,7309.1001,1.2156
2019-09-30,0.0014,0.000405,0.0015666666666666665,0.0006458333333333333,6008.59,7525.0601,1.2287
2019-10-31,0.0014083333333333333,0.0005258333333333333,0.0012833333333333334,0.0006333333333333333,6138.73,7419.6699,1.294
2019-11-30,0.0014833333333333332,0.0005833333333333333,0.001325,0.0006058333333333333,6361.56,7585.9102,1.2933
2019-12-31,0.0015999999999999999,0.0006875,0.0012916666666666667,0.0006425000000000001,6553.57,7837.96,1.3259
2020-01-31,0.0012583333333333333,0.0004383333333333333,0.0012916666666666667,0.0006091666666666666,6551.0,7583.5801,1.3199
2020-02-29,0.0009416666666666666,0.0003733333333333333,0.0010583333333333334,0.0005366666666666666,6011.73,6909.1099,1.282
2020-03-31,0.0005833333333333333,0.00030166666666666666,9.166666666666667e-05,0.00018916666666666667,5269.2,5868.21,1.2418
2020-04-30,0.0005333333333333334,0.00019500000000000002,7.5e-05,6.916666666666668e-05,5944.68,6156.8198,1.2592
2020-05-31,0.0005416666666666666,0.0001525,0.00011666666666666668,6.666666666666667e-05,6227.81,6367.25,1.2346
2020-06-30,0.00055,0.0001433333333333333,0.00013333333333333334,3.4166666666666666e-05,6351.67,6465.2402,1.2399
2020-07-31,0.0004583333333333334,8.75e-05,7.5e-05,2.8333333333333335e-05,6709.81,6233.5298,1.3088
2020-08-31,0.0006,0.00026083333333333335,9.166666666666667e-05,-2.6666666666666667e-05,7192.11,6384.5098,1.3369
2020-09-30,0.000575,0.00019333333333333333,8.333333333333334e-05,1.6666666666666667e-05,6918.83,6276.3101,1.2916
2020-10-31,0.0007333333333333333,0.00022166666666666667,7.5e-05,1.7500000000000002e-05,6734.84,6036.6001,1.2942
2020-11-30,0.0007,0.000255,6.666666666666667e-05,-6.916666666666668e-05,7472.06,6805.6299,1.3321
2020-12-31,0.0007750000000000001,0.00016333333333333334,7.5e-05,-2.0833333333333336e-05,7759.35,7068.5898,1.3665
2021-01-31,0.000925,0.0002741666666666667,4.9999999999999996e-05,-4.5e-05,7681.01,7011.1201,1.3715
2021-02-28,0.0012,0.0006858333333333333,3.3333333333333335e-05,2.0833333333333336e-05,7892.81,7150.7798,1.3933
2021-03-31,0.00145,0.000705,2.4999999999999998e-05,3.0833333333333335e-05,8238.48,7435.5898,1.3781
2021-04-30,0.001375,0.0007004166666666667,8.333333333333334e-06,1.7500000000000002e-05,8678.16,7754.4302,1.3819
2021-05-31,0.0013166666666666667,0.0006654166666666667,8.333333333333334e-06,2e-05,8738.77,7840.1699,1.424
2021-06-30,0.0012083333333333334,0.0005983333333333333,4.166666666666667e-05,5.5e-05,8942.78,7852.3501,1.3821
2021-07-31,0.0010333333333333334,0.0004683333333333334,4.9999999999999996e-05,5.25e-05,9155.21,7894.0898,1.3904
2021-08-31,0.0010833333333333333,0.0005183333333333333,3.3333333333333335e-05,4.4166666666666665e-05,9433.58,8105.0098,1.3738
2021-09-30,0.0012666666666666666,0.0008516666666666667,3.3333333333333335e-05,6.416666666666666e-05,8994.83,8027.0898,1.3459
2021-10-31,0.0012916666666666667,0.0008733333333333334,4.166666666666667e-05,0.00010833333333333334,9625.02,8173.2998,1.3677
2021-11-30,0.0011916666666666666,0.0006758333333333334,4.166666666666667e-05,8.416666666666668e-05,9558.33,7990.0801,1.3325
2021-12-31,0.0012666666666666666,0.00081,4.9999999999999996e-05,0.0001575,9986.7,8363.8496,1.3529
2022-01-31,0.0014916666666666667,0.0010908333333333332,0.00018333333333333334,0.00029749999999999997,9469.92,8336.1299,1.3445
2022-02-28,0.001525,0.0011791666666666667,0.00029166666666666664,0.00048249999999999996,9186.37,8297.04,1.3419
2022-03-31,0.0019333333333333331,0.0013391666666666667,0.00043333333333333337,0.00053,9527.46,8404.6699,1.3146
2022-04-30,0.0024083333333333335,0.0015979166666666668,0.0007083333333333333,0.0008166666666666666,8696.65,8430.5801,1.2573
2022-05-31,0.002375,0.001769166666666667,0.0009666666666666666,0.0007416666666666666,8712.6,8488.9102,1.2609
2022-06-30,0.0024833333333333335,0.0018904166666666665,0.0014333333333333333,0.0009566666666666665,7993.43,7981.3198,1.2161
2022-07-31,0.002225,0.0015566666666666667,0.0020083333333333333,0.0014483333333333334,8730.46,8329.1699,1.2176
2022-08-31,0.0026249999999999997,0.0023579166666666666,0.0024666666666666665,0.0019491666666666665,8374.42,8187.1802,1.1622
2022-09-30,0.003191666666666667,0.0034133333333333333,0.002775,0.0024425000000000002,7603.14,7706.0098,1.116
2022-10-31,0.0034166666666666664,0.0029358333333333333,0.0035166666666666666,0.0022724999999999998,8218.7,7945.7598,1.1469
2022-11-30,0.0030666666666666668,0.0026358333333333333,0.0036416666666666667,0.0026841666666666667,8678.0,8512.8398,1.2075
2022-12-31,0.0032333333333333333,0.0030575,0.003683333333333333,0.0028691666666666666,8178.02,8391.9102,1.2097
2023-01-31,0.0029333333333333334,0.0027783333333333336,0.003916666666666666,0.0032875,8691.88,8769.6396,1.2308
2023-02-28,0.0032666666666666664,0.0031866666666666666,0.004066666666666666,0.003406666666666667,8479.8,8902.8496,1.202
2023-03-31,0.0029,0.0029083333333333335,0.0040416666666666665,0.0034241666666666665,8791.13,8650.3096,1.2333
2023-04-30,0.0028666666666666667,0.003096666666666667,0.0042499999999999994,0.0037099999999999998,8928.35,8940.1201,1.2572
2023-05-31,0.0030333333333333336,0.0034825000000000004,0.0046,0.004025,8967.16,8526.04,1.2437
2023-06-30,0.003175,0.0036916666666666664,0.0045249999999999995,0.004318333333333334,9559.67,8610.8096,1.2704
2023-07-31,0.0033083333333333337,0.00359,0.004625,0.004539166666666667,9866.77,8836.2402,1.2837
2023-08-31,0.003408333333333333,0.0036333333333333335,0.004633333333333333,0.004609166666666667,9709.68,8615.6396,1.2673
2023-09-30,0.003825,0.0037058333333333335,0.004625,0.004490833333333334,9246.74,8772.7598,1.2197
2023-10-31,0.004066666666666666,0.0037649999999999997,0.004658333333333333,0.004448333333333334,9052.31,8413.7002,1.2152
2023-11-30,0.0036416666666666667,0.00348,0.004541666666666667,0.004435833333333333,9879.02,8664.8896,1.2622
2023-12-31,0.0032333333333333333,0.0029491666666666668,0.0045000000000000005,0.0044108333333333334,10327.83,9056.2305,1.2732
2024-01-31,0.0033250000000000003,0.003165,0.004516666666666666,0.004336666666666667,10501.38,8936.5596,1.2685
2024-02-29,0.0035416666666666665,0.0034383333333333336,0.004541666666666667,0.0043825,11062.11,8953.7803,1.2623
2024-03-31,0.0035,0.0033166666666666665,0.00455,0.004440833333333333,11418.03,9379.2998,1.2623
2024-04-30,0.003908333333333334,0.0036708333333333337,0.00455,0.00443,10951.66,9611.0098,1.249
2024-05-31,0.003758333333333333,0.0036429166666666667,0.00455,0.004433333333333333,11494.7,9842.4902,1.2739
2024-06-30,0.0036333333333333335,0.00348,0.004566666666666667,0.004360833333333333,11907.15,9728.8496,1.2642
2024-07-31,0.003408333333333333,0.003309166666666667,0.004508333333333334,0.004284166666666667,12052.09,10033.0498,1.2853
2024-08-31,0.0032583333333333336,0.0033466666666666666,0.004341666666666666,0.00415,12344.43,10078.5801,1.3126
2024-09-30,0.003175,0.0033408333333333337,0.003941666666666667,0.004105,12608.07,9948.3799,1.337
2024-10-31,0.0035666666666666668,0.0037075,0.0038666666666666663,0.0040425,12493.74,9785.3701,1.2897
2024-11-30,0.003483333333333333,0.0035366666666666667,0.0038166666666666666,0.0039425,13227.13,10029.4199,1.2736
2024-12-31,0.0038166666666666666,0.003805,0.0036416666666666667,0.003933333333333333,12911.82,9913.4199,1.2526
2025-01-31,0.0038166666666666666,0.003778333333333333,0.003591666666666666,0.0038025,13271.38,10461.0801,1.2392
2025-02-28,0.0035333333333333336,0.0037362500000000004,0.0036000000000000003,0.003738333333333333,13098.22,10598.6602,1.2577
2025-03-31,0.0035250000000000004,0.0038966666666666668,0.0036000000000000003,0.0037316666666666666,12360.21,10360.1904,1.292
2025-04-30,0.003475,0.003698333333333333,0.003591666666666666,0.003591666666666666,12276.39,10334.7305,1.3321
2025-05-31,0.0036750000000000003,0.0038666666666666663,0.0036333333333333335,0.003586666666666667,13049.13,10762.8799,1.3461
2025-06-30,0.0035333333333333336,0.0037366666666666668,0.0036750000000000003,0.0035250000000000004,13712.71,10814.5898,1.3731
2025-07-31,0.0036416666666666667,0.00381,0.0036750000000000003,0.0034383333333333336,14020.46,11243.1299,1.3205
2025-08-31,0.0035250000000000004,0.003935,0.0035250000000000004,0.0033958333333333336,14304.68,11346.0303,1.3512
2025-09-30,0.003466666666666667,0.003915,0.0033499999999999997,0.0034175,14826.8,11557.46,1.3443
2025-10-31,0.003425,0.00367,0.0032416666666666666,0.0033250000000000003,15173.95,11986.71,1.315
2025-11-30,0.0033499999999999997,0.0037008333333333333,0.0032333333333333333,0.003285,15211.14,12031.2695,1.3232
2025-12-31,0.003483333333333333,0.0037283333333333335,0.0030583333333333335,0.003246666666666667,15220.45,12294.8701,1.3475
2026-01-31,0.0035499999999999998,0.0037708333333333335,0.0030583333333333335,0.0031966666666666667,15441.15,12673.16,1.3688
